shooter,goals_scored,GAX,rGAX,tstat,sd.V1,ci_lower,ci_upper,shooter_name,shooter_position_type
1,1,-0.002758815884590149,-0.005716145154321053,-0.04592972182583793,0.1342017514789177,-0.2687515780529997,0.2573192877443576,Harry Kane,CF
9,0,-0.04385395348072052,-0.002977690195893156,-0.03193865122019385,0.10005238352843887,-0.19908036191163336,0.19312498151984703,Aymeric Laporte,D
10,0,-0.3140208572149277,-0.07049558444885361,-0.40671374307702646,0.1747998400588828,-0.4131032709642639,0.27211210206655667,John Stones,D
11,0,-0.3008122183382511,-0.05760507636243385,-0.431773517780763,0.13477267539840926,-0.321759520143316,0.20654936741844832,Nicolás Otamendi,D
18,0,-0.04901969060301781,0.010352374915595873,0.10542837301195956,0.09848651418407586,-0.1826811928851928,0.20338594271638455,Rodri,M
20,0,-0.6189364157617092,-0.10556199481040572,-0.6591543376248593,0.16280223586892384,-0.42465437711349646,0.213530387492685,Ilkay Gündogan,M
21,1,0.07038473710417747,0.15557981701499088,0.7109649285148896,0.21790825467720285,-0.27152036215232667,0.5826799961823085,Phil Foden,M
22,0,-0.49556658044457436,-0.08856854214726631,-0.4788095179632111,0.1851232619489683,-0.4514101355672442,0.2742730512727115,Kevin De Bruyne,M
25,1,0.646714836359024,0.26732639073129255,2.4947210574526557,0.10708257319525626,0.0574445472685903,0.47720823419399483,Raheem Sterling,F
26,0,-0.2181754782795906,0.015533998065633629,0.09848361712632113,0.14915374733182576,-0.2768073467047449,0.3078753428360121,Leroy Sané,F
27,0,-0.14857445657253265,0.0205954991962711,0.13396022391248963,0.14808258212761488,-0.26964636177385404,0.3108373601663963,Bernardo Silva,M
30,0,-0.21949408575892448,-0.033546913948097855,-0.23351805652744861,0.14612556363360168,-0.3199530186699571,0.25285919077376146,Gabriel Jesus,F
37,0,-0.5736590698361397,-0.1060791827418745,-0.5350194263955926,0.20031660804224002,-0.4986997345046649,0.2865413690209159,Virgil van Dijk,D
40,0,-0.48052244260907173,-0.027743706058830905,-0.15365496822431193,0.19045081958874008,-0.40102731245276146,0.3455399003350996,Dejan Lovren,D
47,1,0.6777148395776749,0.2157683371415973,1.4883177060041337,0.1447523274636915,-0.06794622468723802,0.49948289897043263,Jordan Henderson,M
55,0,-0.05406399816274643,-0.003929778418367358,-0.03156379315752402,0.11692582724406131,-0.23310439981672754,0.2252448429799928,Takumi Minamino,F
57,1,0.7893584556877613,0.22611613901864458,1.3657050905688273,0.1648643330682224,-0.09701795379507133,0.5492502318323604,Xherdan Shaqiri,M
67,0,-0.3812674283981323,-0.12113956369614506,-0.7263495759021387,0.1676254824698364,-0.44968550933702445,0.2074063819447343,Jan Vertonghen,D
71,0,-0.5750062763690948,-0.05672051943499624,-0.34410142221956014,0.16885581997066137,-0.3876779265774925,0.27423688770750004,Ben Davies,D
83,0,-1.1098678037524223,-0.0779356975144874,-0.34145100389112737,0.23413008015405246,-0.5368306546164302,0.38095925958745536,Heung-min Son,F
84,0,-0.10414129495620728,-0.00584566805209121,-0.03759540261842937,0.14894472336793033,-0.29777732585323463,0.28608598974905225,Steven Bergwijn,F
90,1,0.5672244355082512,0.3060048795112119,1.3833211344730805,0.21989077528582468,-0.12498104004900445,0.7369907990714283,Antonio Rüdiger,D
92,1,0.6223863121122122,0.23673822632779046,1.3764858559292719,0.17184385219667606,-0.1000757239776946,0.5735521766332755,Andreas Christensen,D
100,0,-0.4633794277906418,-0.05192412120307385,-0.3115198083831501,0.16704900144326118,-0.37934016403186577,0.275491921625718,Mateo Kovacic,M
105,0,-0.3224058225750923,-0.02770734442554802,-0.14760699036079974,0.1925813982276858,-0.4051668849518122,0.3497521961007162,Mason Mount,M
107,1,0.15946374088525772,0.10293061873015869,0.47575552409171007,0.21224804373061934,-0.3130755469818552,0.5189367844421726,Christian Pulisic,F
112,1,0.035009488463401794,0.002172172937767424,0.004809504813996726,0.21751340925168172,-0.4241541091955287,0.4284984550710636,Michy Batshuayi,F
113,4,0.7279228679835796,0.32577351771101043,1.217728930275053,0.2656057970596412,-0.1948138445258863,0.8463608799479072,Olivier Giroud,F
118,0,-0.625274308025837,-0.002854753105316169,-0.02607844303993902,0.2014127816763786,-0.39762380519101825,0.3919142989803859,Harry Maguire,D
123,0,-0.1995161548256874,-0.03254913683106575,-0.1952446631121819,0.1698500900224034,-0.3654553132749764,0.3003570396128449,Luke Shaw,D
127,0,-0.04336412623524666,-4.1209285084399675e-5,-0.00312179854569528,0.09134757750571222,-0.17908246119628035,0.17900004262611158,Diogo Dalot,D
132,0,-0.2793676517903805,-0.07184932017825661,-0.43499266033977557,0.1664448377325408,-0.3980812021340366,0.25438256177752333,Fred,M
133,0,-0.4261084832251072,-0.029959316348576463,-0.15766787531720183,0.19951940782967173,-0.42101735569473303,0.3610987229975801,Bruno Fernandes,M
136,3,1.895327240228653,0.528122719559083,2.0824849058992423,0.2523612119392988,0.033494744158057366,1.0227506949601086,Marcus Rashford,F
157,0,-0.4068288095295429,-0.07171469971088433,-0.33298786948214926,0.2132292963064122,-0.4896441204714523,0.3462147210496836,Granit Xhaka,M
162,0,-0.5526335053145885,-0.0456503200251953,-0.22550321893085923,0.20540132755070406,-0.44823692202457527,0.35693628197418464,Gabriel Martinelli,F
163,3,1.8949873372912407,0.47127565159549006,2.103174623553614,0.22324641471117002,0.03371267876159684,0.9088386244293833,Bukayo Saka,M
195,3,1.7723522894084454,0.4288150611602419,1.886818715235935,0.22688670676217926,-0.01588288409362948,0.8735130064141132,Richarlison,F
214,0,-0.17713655531406403,-0.004037650068943414,-0.02042171203248009,0.17175360917836044,-0.3406747240585299,0.33259942392064307,Nampalys Mendy,M
233,1,0.7620949000120163,0.31121409309964754,2.9929002288911133,0.10378776052691359,0.10779008246689692,0.5146381037323982,Romain Saïss,D
240,0,-0.1804906390607357,-0.06458887541383226,-0.43229226390423414,0.15125564298704536,-0.3610499356684411,0.23187218484077662,Rúben Neves,M
241,0,-0.06355112791061401,0.018573221828546226,0.17246719289450643,0.10845156290689759,-0.19399184146897303,0.2311382851260655,Leander Dendoncker,M
308,0,-0.09044710919260979,-0.07446085030801207,-0.46982446684262313,0.15877775145375064,-0.38566524315736334,0.23674354254133917,Harry Wilson,F
320,0,-0.04864823818206787,-0.00543656127362056,-0.05367359586887362,0.10025312488952111,-0.20193268605708192,0.19105956350984082,Fabian Schär,D
371,1,0.40826672315597534,0.259794511633283,2.4156007804670203,0.10766353673969148,0.0487739796234877,0.47081504364307825,Jack Grealish,M
395,0,-0.07937584817409515,0.0029281523362307965,0.015616781024456374,0.13163852713553445,-0.25508336084941674,0.2609396655218783,Pierre-Emile Höjbjerg,M
401,0,-0.3083704896271229,-0.041236855893172095,-0.20033817720896407,0.21318560708192846,-0.4590806457737519,0.3766069339874077,Sofiane Boufal,F
428,0,-0.8886690363287926,-0.1283302244771983,-0.5325636310959825,0.24354640133622527,-0.6056811710961998,0.34902072214180324,Ismaïla Sarr,F
444,0,-0.060419246554374695,-0.023118979526329034,-0.24860073223431772,0.09356277337988333,-0.20650201535090035,0.1602640562982423,Tariq Lamptey,D
449,0,-0.08312153071165085,0.01383461530864198,0.11956121542645139,0.1147265162975661,-0.21102935663458758,0.2386985872518715,Aaron Mooy,M
453,1,0.25894944928586483,0.13726234395817602,0.5600824933929306,0.24144934020068987,-0.3359783628351761,0.6105030507515281,Alexis MacAllister,F
457,0,-0.26365571841597557,-0.05542551213214918,-0.31982487223416795,0.1738096025359189,-0.3960923331025502,0.28524130883825183,Alireza Jahanbakhsh,F
589,0,-0.20026646181941032,0.027846949368858658,0.16192014159065293,0.17133374706266846,-0.3079671948739715,0.36366109361168886,Neco Williams,D
649,0,-0.04696010798215866,0.004468255674603172,0.045987243048519234,0.10046092959620428,-0.19243516633395721,0.20137167768316358,Francisco Calvo,D
668,0,-0.03523865342140198,-0.003263455771604932,-0.030654483548611895,0.1052565802259348,-0.20956635301443716,0.20303944147122727,Przemyslaw Frankowski,F
754,0,-0.10711552947759628,4.5679141156463004e-4,0.007056128170678896,0.09518387294326149,-0.18610359955722788,0.18701718238035714,Kendall Waston,D
916,0,-0.0993284359574318,-0.016530738223733913,-0.1629884088058969,0.09738684735669434,-0.2074089590428548,0.174347482595387,Walker Zimmerman,D
926,0,-0.29638537019491196,-0.10116142463214912,-0.6287221147164379,0.16302052033265516,-0.4206816444841532,0.21835879521985496,Alistair Johnston,D
963,0,-0.7236162275075912,-0.16546489159171074,-0.823457991204465,0.20203376151509764,-0.5614510641613021,0.2305212809778806,Tajon Buchanan,F
1067,0,-0.11068010330200195,-0.006026106671075809,-0.05638541897881201,0.10998492462268661,-0.22159655893154157,0.20954434558938995,Brenden Aaronson,M
1225,0,-0.07543214969336987,0.033089731068279164,0.2377817702622143,0.13546238282780207,-0.23241653927421285,0.2985960014107712,Richie Laryea,D
1228,0,-0.0305758286267519,-0.019438160760267064,-0.1785161822252307,0.10880250883089443,-0.23269107806882014,0.19381475654828603,Jonathan Osorio,M
1257,0,-0.2989044561982155,0.030289502881708258,0.13839380384802313,0.20616015495210138,-0.37378440082441045,0.4343634065878269,In-beom Hwang,M
1287,0,-0.050306763499975204,0.006962213213025951,0.08175652297941575,0.08848577193862735,-0.16646989978668364,0.18039432621273555,José Cifuentes,M
1289,0,-0.04303399473428726,0.017214836909800958,0.17618656833362561,0.0966292475929642,-0.17217848837240884,0.20660816219201078,Mark-Anthony Kaye,M
1334,0,-0.49546151980757713,-0.11049729825081885,-0.5639724146958628,0.19866173228457912,-0.4998742935285939,0.27887969702695625,Weston McKennie,M
1336,2,1.271060235798359,0.3829733001568405,1.7962446832095784,0.2123956684546373,-0.03332221001424862,0.7992688103279296,Timothy Weah,F
1339,0,-0.04080689325928688,-0.016144772940287214,-0.16595244321487818,0.09804898103712083,-0.20832077577304403,0.1760312298924696,Tyler Adams,M
1363,0,-0.23963059857487679,-0.0652590899584278,-0.41574676554922624,0.15722594956539598,-0.3734219511066039,0.24290377118974835,Inaki Williams,F
1368,0,-0.2785306014120579,-0.002627264576719586,-0.020326025094424032,0.17023922350729714,-0.336296142651022,0.3310416134975828,Jose Gimenez,D
1377,0,-0.03224654495716095,-0.02055392775888135,-0.21677250314514898,0.09565087191870869,-0.20802963671955038,0.1669217812017877,Kieran Trippier,D
1380,0,-0.1327333115041256,0.0218632134171076,0.16069408778789435,0.1340544766229546,-0.24088356076388343,0.28460998759809863,Thomas Partey,M
1381,0,-0.1426212042570114,-0.07445091173784332,-0.7928824602322813,0.09372174399528936,-0.25814552996861045,0.10924370649292381,Marcos Llorente,M
1387,0,-0.5117227658629417,-0.02965270137377172,-0.167238861399009,0.18143873521081463,-0.3852726223869684,0.32596721963942493,Yannick Carrasco,F
1393,1,0.462109100073576,0.22775481343096474,0.8792979593923524,0.2579746652899802,-0.27787553053739644,0.7333851573993259,Joao Felix,F
1394,3,1.5019931867718697,0.5798274852374653,2.2940962252810424,0.2511743634476401,0.08752573288009069,1.07212923759484,Alvaro Morata,F
1406,1,0.46630703657865524,0.23707053541509202,1.4815481610513375,0.1594478035201696,-0.07544715948444039,0.5495882303146244,Pervis Estupinan,D
1513,0,-0.09093908593058586,0.032912248010833964,0.2365340493647344,0.13616444104254982,-0.2339700564325637,0.29979455245423164,Jordi Alba,D
1519,0,-0.10896791145205498,0.018154926042454,0.1287852010983388,0.1418416942398591,-0.2598547946676698,0.2961646467525778,Sergio Busquets,M
1522,1,0.9055229742079973,0.26116911581380714,1.8574033634099443,0.1405938041471312,-0.014394740314570054,0.5367329719421843,Frenkie de Jong,M
1531,4,1.194894190877676,0.4473599026310157,1.449458286431527,0.3046033547591097,-0.14966267269683936,1.0443824779588708,Lionel Messi,F
1532,0,-0.5943047888576984,-0.015294419280675169,-0.06638012944814559,0.24866829101430224,-0.5026842696687076,0.47209543110735724,Ousmane Dembele,F
1534,1,0.09313302487134933,0.07147080016880818,0.3259290993294159,0.2128146384530482,-0.3456458911991663,0.48858749153678266,Antoine Griezmann,F
1535,0,-0.48553307354450226,-0.06297506012534644,-0.3390463619672616,0.1861688509365591,-0.42786600796100227,0.3019158877103094,Luis Suarez,F
1536,0,-0.31300088763237,-0.03263986045414459,-0.23171710408175927,0.14019031860476597,-0.3074128849194859,0.24213316401119672,Martin Braithwaite,F
1545,0,-0.15338949859142303,0.010284298189720327,0.07427676186963127,0.138860820575725,-0.26188291013870063,0.28245150651814127,Mathí­as Olivera,D
1665,0,-0.148151695728302,-0.004122678686067006,-0.046667696201620604,0.08683450172856697,-0.17431830207405824,0.16607294470192424,Ante Budimir,F
1675,0,-0.3964560404419899,-0.005182474476568375,-0.02680861088823631,0.1720589828714609,-0.34241808090463177,0.332053131951495,Raphael Varane,D
1676,0,-0.38146282359957695,0.004089040695389297,0.01815327428577017,0.18763569139810235,-0.3636769144448913,0.3718549958356699,Eder Militao,D
1681,0,-0.21266889572143555,-0.021999451757999507,-0.11287704404798228,0.2028767733924141,-0.41963792760713114,0.37563902409113215,Achraf Hakimi,D
1683,1,0.5971548464149237,0.2507264536255986,1.057826619295115,0.23612747953282728,-0.2120834062587429,0.7135363135099401,Casemiro,M
1684,0,-0.437001496553421,-0.06280102748236335,-0.30264442705244066,0.20699002033313962,-0.46850146733531706,0.3428994123705903,Federico Valverde,M
1687,0,-0.29723747447133064,-0.003951189203829689,-0.024229824218518985,0.1985433316230256,-0.39309611918495985,0.38519374077730045,Luka Modric,M
1694,0,-0.0648597851395607,-0.026762247940917108,-0.2621970107761659,0.10457226112066464,-0.2317238797374198,0.1781993838555856,Eden Hazard,F
1695,2,0.45665351301431656,0.24826793750062978,0.9270670174818533,0.26467553437274766,-0.27049610986995554,0.7670319848712152,Vinícius Junior,F
1696,1,0.1515046637505293,0.10349340799760645,0.4138494197491518,0.24668216641352594,-0.3800036381729044,0.5869904541681173,Marco Asensio,F
1697,0,-0.5141270235180855,-0.1885773848607962,-0.8547366689916469,0.22251613370768142,-0.6247090069278518,0.24755423720625938,Rodrygo,F
1698,0,-0.06875468045473099,-0.005298768032249932,-0.05352549264720652,0.09550178483835246,-0.19248226631542076,0.1818847302509209,Gareth Bale,F
1702,0,-0.07557263225317001,-0.02566762816326531,-0.26702169558506283,0.09752109874275364,-0.21680898169906243,0.1654737253725318,Luka Jovic,F
1789,0,-0.30519208312034607,-0.10770114382023181,-0.5561334570110757,0.19411094788999816,-0.4881586016846282,0.27275631404416456,Jules Kounde,D
1810,3,1.561725914478302,0.41088344381771225,1.5076678468259168,0.2711299174489821,-0.12053119438229276,0.9422980820177173,Youssef En-Nesyri,F
1829,1,0.7623811140656471,0.2666688957524984,1.9658529058249539,0.1355423863815125,0.001005818444733908,0.5323319730602629,Carlos Soler,M
1830,0,-0.4355281852185726,-0.020702702108213605,-0.09687426378547816,0.23194471046603277,-0.47531433462163786,0.4339089304052106,Kang-in Lee,M
1836,0,-0.1322494074702263,0.013813174489795906,0.09880684342876421,0.14218196523470158,-0.2648634773702192,0.292489826349811,Maxi Gomez,F
1876,0,-0.04093928262591362,-0.00941606088057445,-0.08571540122476644,0.10981895020635374,-0.22466120328502778,0.20582908152387888,William Carvalho,M
1907,0,-0.12389654293656349,0.003668814125724361,0.021320519130440654,0.1412095785774175,-0.273101959886014,0.28043958813746267,Vitinha,M
1910,1,0.5912653356790543,0.17211518081128754,1.1388249534257147,0.15043563412002237,-0.12273866206395631,0.46696902368653137,Mohammed Salisu,D
1926,0,-0.13292554020881653,0.009185651301335319,0.08618586626116002,0.10126037628560937,-0.18928468621845906,0.20765598882112968,Thiago Silva,D
1931,0,-0.06728819012641907,0.018443938726379446,0.21151941460831464,0.0856451072284931,-0.14942047144146703,0.18630834889422593,Ethan Ampadu,D
1937,3,1.6926762014627457,0.523967470913958,2.260483242157098,0.23175507336949158,0.0697275271097545,0.9782074147181615,Kai Havertz,M
1938,1,0.47995365783572197,0.24034815136421409,0.8325242762895732,0.28685502037910804,-0.32188768857883765,0.8025839913072658,Hakim Ziyech,F
1950,1,0.035829804837703705,0.2654981045874276,1.2354012854317842,0.21429696866767914,-0.15452395400122348,0.6855201631760788,Ferran Torres,F
1957,0,-0.04725006967782974,0.011000705116127255,0.11620219953505284,0.0967489964649052,-0.17862732795508696,0.20062873818734145,Marko Grujic,M
1971,0,-0.326945424079895,-0.09040370066578485,-0.922982142981903,0.09700576210508309,-0.28053499439174767,0.099727593060178,Tim Ream,D
1977,0,-0.09356753528118134,0.003310842447089952,0.031127296073259293,0.09883560501182789,-0.1904069433760927,0.19702862827027262,André Zambo Anguissa,M
1991,2,0.19625985622406006,0.10985315437767695,0.43129158209544444,0.24867219075848307,-0.37754433950894983,0.5972506482643037,Aleksandar Mitrovic,F
2066,0,-0.05278101935982704,-0.02735373895250692,-0.2680956686358566,0.10286740248256174,-0.2289738478183279,0.17426636991331407,Ruben Dias,D
2073,0,-0.40288977697491646,-0.013861854896069555,-0.06696749830395662,0.23119183618094874,-0.46699785381072906,0.43927414401858994,Joachim Andersen,D
2074,0,-0.6142284404486418,-0.13672621130007553,-0.5888591676233318,0.2355305718665312,-0.5983661321584767,0.32491370955832566,Raphinha,M
2075,0,-0.21398288011550903,-0.04665331147455279,-0.4372174778402011,0.10715461285524881,-0.25667635267084044,0.16336972972173489,Facundo Pellistri,F
2077,0,-0.6768976226449013,-0.19691376718568918,-0.9882453450453684,0.19907129640800633,-0.5870935081453815,0.1932659737740032,Edinson Cavani,CF
2090,0,-0.3405819833278656,-0.12336925471592348,-0.8421593329935577,0.14686882502337287,-0.4112321517617343,0.16449364232988734,Hiroki Sakai,D
2094,0,-0.1939365193247795,-0.0036683963403879908,-0.02811025144707617,0.1402823813327731,-0.27862186375262327,0.27128507107184724,Junya Ito,M
2095,0,-0.5217229910194874,-0.09137789407029479,-0.4110458919442094,0.22373530040330325,-0.5298990828607691,0.3471432947201796,Daichi Kamada,M
2099,1,-0.3530139811336994,0.0653311505738221,0.26510135273563973,0.2369499281452434,-0.39909070859085494,0.5297530097384991,Takuma Asano,F
2106,0,-0.05237828567624092,8.409082514486588e-5,-0.0022725921781616447,0.09628149571270579,-0.18862764077175848,0.18879582242204823,Edson Alvarez,M
2108,1,0.6097801700234413,0.20682787154006033,1.1620885000113155,0.17801398274224445,-0.14207953463473877,0.5557352777148594,Uriel Antuna,RW
2111,1,0.44888082705438137,0.20085737275888133,0.8412453477922482,0.23721443526435934,-0.26408292035926295,0.6657976658770256,Hirving Lozano,F
2134,1,0.8211956545710564,0.24514091908289246,1.5255919581643118,0.16099762251233726,-0.07041442104128856,0.5606962592070734,Moises Caicedo,M
2144,0,-0.059956397861242294,0.0044537323513479474,0.0458788750926996,0.10141754019613167,-0.19432464643307013,0.203232111135766,Iliman Ndiaye,M
3299,0,-0.07791496068239212,-0.029181937299067772,-0.27443418605719183,0.10629893208871286,-0.23752784419294495,0.17916396959480943,César Montes,D
3301,0,-0.31001511961221695,-0.03193382566452509,-0.21547989043872431,0.1512918031935157,-0.3284657599238158,0.2645981085947657,Héctor Moreno,LCB
3303,0,-0.2674441635608673,-0.030548165112748788,-0.29229242752744794,0.1045439055871564,-0.23545422006357533,0.17435788983807773,Jesús Gallardo,LB
3314,0,-0.047455888241529465,0.006567264808515999,0.06437387691740473,0.1040701818431509,-0.19741029160405976,0.21054482122109175,Rogelio Funes Mori,CF
3315,0,-0.10029787570238113,-0.014047516926807769,-0.14197736804875488,0.09871372548286236,-0.20752641887321802,0.17943138501960246,Vincent Janssen,F
3316,0,-0.06042720377445221,0.005495548595364072,0.06235524670532495,0.09055560149381149,-0.17199343033250644,0.1829845275232346,Joel Campbell,F
3352,0,-0.047356016933918,-0.039109594072814315,-0.41059841298203825,0.09528107884373417,-0.22586050860653328,0.14764132046090467,Jorge Sánchez,D
3367,1,0.07875047624111176,0.17496925855253231,0.8637281217844893,0.20207156799077855,-0.22109101470939363,0.5710295318144583,Henry Martín,CF
3387,0,-0.7660031244158745,-0.2783399840262031,-1.4395853341836915,0.1939380145306599,-0.6584584925062964,0.1017785244538903,Orbelín Pineda,F
3414,0,-0.7452585138380527,-0.003939766895313734,-0.020968811111435393,0.2842503899330956,-0.561070531164181,0.5531909973735536,Alexis Vega,CF
3455,1,0.37807529233396053,0.1976688686803981,0.7280166623019158,0.2710520114532147,-0.3335930737679027,0.728930811128699,Luis Chávez,M
3460,0,-0.1954527646303177,-0.011938083704333611,-0.06770212851622194,0.1764891372926733,-0.3578567927979733,0.333980625389306,Romario Ibarra,LW
3519,0,-0.6376647129654884,-0.27296969613063726,-1.522485120422909,0.1791465826855536,-0.6240969981943223,0.07815760593304782,Michael Estrada,F
3734,0,-0.47285979986190796,-0.10260120272801723,-0.6438742522488557,0.1600647689657431,-0.41632814990087363,0.2111257444448392,Félix Torres,RCB
3848,0,-0.04873746261000633,1.3839595616024395e-4,-0.0027842062387708403,0.11158764312902175,-0.21857338457672237,0.21885017648904287,Abdou Diallo,D
3856,0,-0.04267135635018349,0.018282535601536917,0.18628320362387973,0.0973978757959459,-0.17261730095851704,0.20918237216159088,Leandro Paredes,M
3858,0,-0.41457919776439667,-0.09212410293839761,-0.5440312630837723,0.16970735959973832,-0.4247505277538847,0.24050232187708948,Idrissa Gueye,M
3865,0,-1.2559442184865475,-0.24366132225056683,-0.8432200565103553,0.2917264473614369,-0.8154451590789831,0.32812251457784947,Neymar,F
3867,0,-0.06119396537542343,-0.023211941781305093,-0.21185370065600106,0.1107091986158758,-0.24020197106842167,0.1937780875058115,Pablo Sarabia,F
3868,1,0.3558009844273329,0.12666416256235835,0.5226862101851696,0.23927851332191935,-0.3423217235486036,0.5956500486733203,Angel Di Maria,F
3870,6,2.25339993275702,0.7079196723494589,2.0042593608241495,0.34970779606977326,0.02249239205270326,1.3933469526462146,Kylian Mbappé,F
3878,0,-0.17744988203048706,-0.03263653459876544,-0.29064789649302336,0.11155161961441137,-0.2512777090430117,0.18600463984548085,Axel Disasi,D
3880,1,0.7535817660391331,0.36693957075522793,2.3286133319263973,0.15731349323741892,0.05860512400988688,0.6752740175005689,Strahinja Pavlovic,D
3888,1,0.5562561545521021,0.2674029623299319,1.0722468310871833,0.2466989594104165,-0.21612699811448444,0.7509329227743482,Aurélien Tchouaméni,M
3890,0,-0.2201245203614235,-0.05096968015117157,-0.2430170866464913,0.2108428378807851,-0.46422164239751035,0.36228228209516716,Youssouf Fofana,M
3895,0,-0.056837085634469986,-0.01675041427059713,-0.16482114164923298,0.10336980263114684,-0.21935522742764493,0.1858543988864507,Ismail Jakobs,M
3903,0,-0.1172688640654087,-0.005028207952254972,-0.043415500558248804,0.1365664626644991,-0.2726984747746732,0.2626420588701633,Krepin Diatta,F
3924,0,-0.9523478411138058,-0.3474696450075586,-1.5192169189981133,0.22942698084509028,-0.7971465274639356,0.10220723744881832,Bruno Guimaraes,M
3930,1,0.6167740114033222,0.30695745947593867,1.5451908607877467,0.1982380052205164,-0.0815890307562735,0.6955039497081508,Lucas Paquetá,F
3934,0,-0.1961865872144699,-0.01224571576215669,-0.0829178120162958,0.14829410597885834,-0.3029021634807191,0.27841073195640564,Karl Toko Ekambi,F
3965,0,-1.1891210190951824,-0.2307610209971025,-0.9039646989796097,0.2565884784880507,-0.7336744388336819,0.2721523968394769,Jonathan David,F
3978,0,-0.16075871884822845,-0.023129643039808478,-0.11306154795466172,0.21023782039379388,-0.43519577101164447,0.38893648493202754,Pape Gueye,M
3989,0,-0.07234019227325916,-0.0780502551732174,-0.5606719794543542,0.13915965533781774,-0.35080317963534013,0.19470266928890534,Nemanja Radonjic,F
3994,0,-0.10595174320042133,-0.037513715979465866,-0.24672909322578002,0.15203935894573634,-0.33551085951310905,0.26048342755417736,Arkadiusz Milik,F
3996,1,0.5473989434540272,0.29427524929579224,1.514489941076556,0.19422621762965891,-0.08640813725833923,0.6749586358499238,Bamba Dieng,F
4002,0,-0.22460630536079407,-0.016151577993827198,-0.17514488900277483,0.09516570476665022,-0.2026763593364616,0.17037320334880723,Nayef Aguerd,D
4020,0,-0.06262365728616714,0.008428914324137064,0.07252992400156158,0.11552611566495122,-0.21800227237916733,0.23486010102744145,Kamaldeen Sulemana,F
4053,0,-0.6984784305095673,-0.04695613900667675,-0.2838152204942327,0.16648928037956962,-0.37327512855063316,0.2793628505372797,Kasper Dolberg,F
4105,1,0.47419678047299385,0.1507392992416223,0.7142772795469843,0.21053935763007953,-0.26191784171333354,0.5633964401965782,Wahbi Khazri,F
4142,0,-0.17091379687190056,-0.0023576940753338277,-0.017831132151607313,0.14761153379782715,-0.29167630031907504,0.2869609121684074,Dylan Bronn,D
4152,0,-0.13458991795778275,-0.08238536504598135,-0.39913853924934556,0.2070668359866412,-0.48823636357979805,0.3234656334878354,Pape Sarr,M
4174,1,0.9284272864460945,0.36438780135676496,3.4898870199130383,0.10430293692738155,0.15995404497909713,0.5688215577344328,Jean-Charles Castelletto,D
4194,1,0.30162499845027924,0.16949400315822613,0.7966497884161817,0.2125194578923694,-0.24704413431081787,0.5860321406272702,Randal Kolo Muani,F
4207,0,-0.0763682872056961,-0.0480318333818342,-0.42932509108996403,0.11241983885321162,-0.268374717534129,0.17231105077046058,Christopher Wooh,D
4280,0,-0.05191399157047272,6.927357816830512e-4,0.002656838446202289,0.10539332754935338,-0.20587818621504955,0.20726365777841566,Ui-jo Hwang,F
4324,0,-0.3599478341639042,-0.007525584012345642,-0.039104048182936745,0.23062882911202648,-0.45955808907191753,0.4445069210472262,Azzedine Ounahi,M
4404,0,-0.09986232593655586,-0.005279497894935754,-0.04132941441292057,0.13616471892639515,-0.2721623469906702,0.2616033512007987,Alidu Seidu,D
4408,0,-0.06087948754429817,0.019009639705215436,0.16767626068316674,0.11339363873790366,-0.20324189222107572,0.2412611716315066,Salis Abdul Samed,M
4498,0,-0.4826919287443161,-0.055997801167170576,-0.3697234250009492,0.15301709435659303,-0.3559113061060929,0.24391570377175176,Amadou Onana,M
4566,0,-0.2002447135746479,-0.007323238192239852,-0.061132627289707024,0.1275711335934626,-0.2573626600354265,0.24271618365094683,Rubén Vargas,F
4590,0,-0.050626903772354126,-0.029085668873141853,-0.27407209999264603,0.10689238189364585,-0.2385947373846877,0.180423399638404,Exequiel Palacios,M
4606,0,-0.14310835301876068,0.016918790440287233,0.15171811403841937,0.10909514069387874,-0.1969076853197151,0.23074526620028957,Dayot Upamecano,D
4608,0,-0.15005089342594147,-0.03614868393927942,-0.3388360767184272,0.10753921035602314,-0.24692553623708477,0.17462816835852593,Niklas Süle,D
4611,1,0.6524221152067184,0.3167471258402621,1.82850581341291,0.172946972223221,-0.02222893971725104,0.6557231913977752,Alphonso Davies,D
4615,0,-0.04482752084732056,-0.00424938022738725,-0.044659751439768455,0.09019118727048032,-0.18102410727752868,0.1725253468227542,Josip Stanisic,D
4616,0,-0.5076361894607544,0.005254486501637688,0.016515108928355123,0.23556497664728432,-0.4564528677270396,0.46696184073031494,Joshua Kimmich,M
4618,0,-0.46045253053307533,-0.09403999126228273,-0.5046719595826334,0.18949888010257623,-0.46545779626333217,0.2773778137387667,Leon Goretzka,M
4621,0,-1.1560669727623463,-0.15685467138636938,-0.5338706062965604,0.30041769264819973,-0.7456733489768408,0.4319640062041021,Jamal Musiala,F
4622,0,-0.2084905207157135,-0.04323054690665157,-0.3966062220883715,0.10969950630091731,-0.2582415792564495,0.17178048544314636,Kingsley Coman,F
4623,1,0.012562638148665428,0.1650449626738474,0.5032529326230838,0.32247948218053907,-0.46701482240000913,0.7971047477477039,Serge Gnabry,F
4624,0,-0.6449496895074844,-0.2688484968610138,-1.4918127290936145,0.1807427275993324,-0.6231042429557053,0.0854072492336777,Thomas Müller,F
4625,1,-0.12655063346028328,0.04671215046611248,0.16276746561647248,0.2745890374796436,-0.4914823629939889,0.5849066639262138,Robert Lewandowski,F
4626,1,0.44191600382328033,0.21274502167674506,1.0853288811704938,0.19490367063227337,-0.16926617276251074,0.5947562161160008,Eric Maxim Choupo-Moting,F
4661,1,0.6746731139719486,0.22431667991874538,1.156233821006755,0.19425623186855437,-0.15642553454362118,0.6050588943811119,Manuel Akanji,D
4666,1,0.7611730080097914,0.2161107473803225,1.2741238760261009,0.16897295047353325,-0.11507623554780266,0.5472977303084476,Raphaël Guerreiro,D
4669,0,-0.10153132304549217,0.0019687829825633992,0.011654876916577642,0.15134253511579362,-0.2946625858443921,0.29860015180951893,Thomas Meunier,D
4674,0,-0.0588093027472496,-0.003220033999118153,-0.036053163790800626,0.10099213489651039,-0.20116461839627853,0.1947245503980422,Axel Witsel,M
4677,1,0.6820261403918266,0.2749938442523306,1.5377294151525343,0.1783187873560123,-0.07451097896545356,0.6244986674701147,Jude Bellingham,M
4681,0,-0.11860575526952744,-0.013373024408541193,-0.10591508288039814,0.12750157644413163,-0.2632761142390392,0.2365300654219568,Giovanni Reyna,F
4695,0,-0.16649800539016724,0.015875079149659892,0.13589178834241442,0.11618398964311992,-0.21184554055085517,0.24359569885017493,Nico Elvedi,D
4703,0,-0.09834667295217514,-0.0032155501442428813,-0.03784250197838135,0.0822659692791616,-0.1644568499313996,0.15802574964291385,Denis Zakaria,M
4712,0,-0.05874146893620491,-0.007187631963970772,-0.07749108268850163,0.09940007354028937,-0.20201177610293794,0.1876365121749964,Marcus Thuram,F
4713,0,-0.2570631802082062,-0.09177777483497107,-0.9505240953685872,0.09677709986339193,-0.28146089056721924,0.09790534089727712,Jonas Hofmann,F
4717,2,0.6703983321785927,0.17763519844104336,0.6807458594075256,0.2578916244371699,-0.3278323854558096,0.6831027823378963,Breel Embolo,F
4732,0,-0.16924410313367844,-0.024076326820987655,-0.16616783090843562,0.14887957314425465,-0.31588029018372676,0.26772763654175147,Djibril Sow,M
4734,0,-0.07566031813621521,-0.04441811645565633,-0.30697244751015623,0.14535265598146657,-0.32930932217933084,0.24047308926801816,Filip Kostic,M
4737,0,-0.3220701776444912,-0.02047546077727386,-0.11978939220367145,0.17719525922827034,-0.36777816886468373,0.326827247310136,Jesper Lindström,F
4739,0,-0.05316692218184471,0.010259505148652055,0.10166541999856427,0.10016134149998161,-0.1860567241913119,0.20657573448861602,Ajdin Hrustic,F
4758,0,-0.0856478326022625,0.014112048338372403,0.09558682880607498,0.14062105553666537,-0.2615052205134917,0.28972931719023653,Ellyes Skhiri,M
4795,0,-0.070320263504982,0.006057541806500378,0.0556364183357232,0.10724772906084748,-0.20414800715276069,0.21626309076576142,Woo-yeong Jeong,F
4851,0,-0.20334257185459137,0.005430434800327536,0.04885596541851489,0.10132637448601317,-0.19316925919225827,0.20403012879291335,Krzysztof Piatek,F
4883,3,1.5097604393959045,0.7030342351473923,2.331832232687316,0.30075930054111677,0.11354600608680343,1.2925224642079811,Andrej Kramaric,F
4892,1,0.7373264320194721,0.22050159117032023,1.322072900069413,0.1664772665618683,-0.10579385129094163,0.546797033631582,Josko Gvardiol,D
4908,1,-0.1939140073955059,0.1344687700815412,0.4232692081592117,0.3062967586916099,-0.46587287695401414,0.7348104171170966,Dani Olmo,F
4915,1,0.7896628100425005,0.20890845639392774,0.9706678736291618,0.21558448023821133,-0.2136371248729665,0.631454037660822,Hee-chan Hwang,F
4926,0,-0.08987581729888916,-0.007626648953766669,-0.0552631620774638,0.1440746556050513,-0.29001297393966724,0.27475967603213386,Borna Sosa,D
4928,0,-0.33906272798776627,9.294465665154889e-4,-1.215419026720079e-4,0.22044890860298827,-0.4311504142953415,0.4330093074283725,Wataru Endo,M
5009,2,1.7150184959173203,0.5378791926864451,3.842181886126747,0.1399834043672499,0.2635117201266353,0.812246665246255,Wout Weghorst,F
5029,0,-0.07925117760896683,-0.03178896270471158,-0.3072611205840959,0.10463493240976333,-0.2368734302278477,0.17329550481842457,Silvan Widmer,D
5035,0,-0.04571741446852684,0.005331258865583275,0.048489046583337754,0.10579908597051345,-0.20203494963662308,0.21269746736778963,Edimilson Fernandes,M
5038,0,-0.028214260935783386,-0.07958990518266565,-0.8045092185024054,0.09941822168645884,-0.274449619688125,0.11526980932279365,Jae-sung Lee,F
5063,0,-0.03949837014079094,0.010839620289745524,0.10588623336253405,0.10103960690655049,-0.18719800924709343,0.20887724982658448,Mathias Jensen,M
5070,0,-0.5437763631343842,-0.12939224110481234,-1.0099727192103198,0.12834634646252907,-0.3809510801713693,0.12216659796174462,Saman Ghoddos,F
5074,0,-0.20209065079689026,-0.03896538673721342,-0.2601113795959089,0.1517590330677727,-0.33641309155004784,0.25848231807562105,Bryan Mbeumo,F
5097,0,-0.3374323844909668,0.003417639841899746,0.012893454454531921,0.15052372463024788,-0.2916088604333861,0.29844414011718556,Ibrahima Konaté,D
5098,0,-0.33075227588415146,-0.049200253981481465,-0.32135249641061386,0.15538276038646098,-0.353750464338945,0.25534995637598207,Ko Itakura,D
5135,0,-0.46736982464790344,-0.209997603133031,-1.033015528916104,0.20364271246598073,-0.6091373195663532,0.18914211330029124,Josh Sargent,F
5139,0,-1.1351753622293472,-0.43875515627551037,-1.9989867888360444,0.21961351111627536,-0.8691976380634101,-0.008312674487610694,Romelu Lukaku,F
5178,1,0.6011939011514187,0.22330949046863172,1.2068377727339508,0.18483368498091973,-0.13896453209397094,0.5855835130312343,Osman Bukari,F
5968,1,0.6839781142771244,0.35522498476316483,1.7936706630785555,0.19753810893387497,-0.03194970874723008,0.7423996782735598,Lovro Majer,M
6019,0,-0.31981146708130836,-0.013363117200176342,-0.06658637380989209,0.21384589432507756,-0.43250107007732835,0.40577483567697564,Nikola Vlasic,M
6020,1,-1.3949205167591572,-0.29012157441295033,-0.8797830112758986,0.3330519182947005,-0.9429033342705633,0.36266018544466266,Cristiano Ronaldo,F
6596,0,-0.20046968758106232,-0.04788785962158935,-0.3559030695422365,0.13513997911361816,-0.31276221868428095,0.21698649944110224,Jeremy Sarmiento,F
6655,0,-0.1192115992307663,0.003239115020786102,0.025583799584418563,0.12955272324976289,-0.2506842225487491,0.25716245259032133,Nicolas N'Koulou,D
6895,0,-0.6598320156335831,-0.06132245504220212,-0.2611182299816429,0.24535069554888145,-0.5422098183180097,0.4195649082336055,Rodrigo de Paul,M
6916,0,-0.1547614447772503,0.04379133534328545,0.21265030429864848,0.2005507217120507,-0.34928807921233396,0.43687074989890484,Junior Hoilett,F
6935,0,-0.126419048756361,-0.0011350025875535407,-0.011392124174422901,0.13852858674943247,-0.2726510326164412,0.2703810274413341,Joe Allen,M
6967,0,-0.14556557685136795,0.03096368004094231,0.17928509215705996,0.1715020162509228,-0.3051802718108664,0.367107631892751,Riley McGree,M
7008,0,-0.13434022665023804,0.009024495545477445,0.05686941001491569,0.14821325396327298,-0.2814734822225376,0.2995224733134925,Brennan Johnson,M
7192,0,-0.30826614797115326,-0.07743965739103051,-0.5647753365142394,0.1382056652082634,-0.3483227611992268,0.1934434464171658,Antoine Semenyo,F
7419,0,-0.09865695983171463,0.012491053887629111,0.08578870679302958,0.14579956217470705,-0.2732760879747967,0.2982581957500549,Krystian Bielik,M
7441,0,-0.7680226676166058,-0.13615608600592088,-0.6651159394815522,0.2059447695446287,-0.5398078343133932,0.26749566230155136,Sardar Azmoun,F
7443,0,-0.15149589255452156,-0.02508960188145626,-0.1329073326669449,0.19447521783917024,-0.40626102884622994,0.3560818250833174,Christian Eriksen,M
7584,0,-0.24481591396033764,-0.17448404832892425,-1.050665260692491,0.16612759078455355,-0.5000941262666492,0.1511260296088007,Rodrigo Bentancur,M
7605,0,-0.037876106798648834,-0.058303825493827205,-0.5344613097528211,0.10927265053058184,-0.2724782205337676,0.1558705695461132,Olivier Ntcham,M
7649,0,-0.1836903654038906,-0.03394828902809269,-0.19082453139524677,0.1803560768386895,-0.38744619963192417,0.31954962157573874,Mohamed Drager,D
7955,0,-0.033721502870321274,-0.003263226329050139,-0.03765797772858505,0.0963687578273607,-0.19214599167067709,0.18561953901257683,Rubin Colwill,M
7966,0,-1.2541645020246506,-0.28435027791068274,-1.2654758896670555,0.22571515928538632,-0.7267519901100399,0.15805143428867446,Kieffer Moore,F
7988,1,0.17953599616885185,0.010111216970899362,0.038995239928681,0.24648529796826288,-0.4729999670468959,0.4932224009886946,Boulaye Dia,F
8008,3,1.6445657685399055,0.4850214534775764,2.0549765042964556,0.23490521735818495,0.024607227455533898,0.9454356794996189,Goncalo Ramos,F
8009,0,-0.2522173300385475,-0.15689449202129,-0.9445425819796915,0.16556660192528547,-0.4814050317948495,0.16761604775226954,Darwin Nunez,F
8011,0,-0.2836996018886566,-0.036546343655202825,-0.3652368785335134,0.0996301279255605,-0.2318213943893014,0.15872870707889578,Haris Seferovic,F
8023,0,-0.2310669869184494,-0.042222726496598646,-0.4153515153676912,0.10194029584227364,-0.24202570634745496,0.15758025335425768,Lisandro Martinez,D
8025,0,-0.546539094299078,-0.14145274859955828,-0.8171341643108663,0.17301973168069168,-0.480571422693714,0.1976659254945974,Nicolas Tagliafico,D
8026,1,0.5819301567971706,0.2577197735285969,1.2607200752819547,0.2034620111585476,-0.1410657683421564,0.6565053153993501,Daley Blind,D
8027,0,-0.2600004989653826,-0.168409061367473,-0.8598628765035915,0.1961016634611236,-0.5527683217512752,0.21595019901632925,Noussair Mazraoui,D
8031,2,1.0445051342248917,0.3979831830744523,1.7323707706754374,0.22969425275105945,-0.052217552317624205,0.8481839184665287,Mohammed Kudus,M
8033,1,0.632343478500843,0.18093709494142102,1.218663586526726,0.1481122430998891,-0.10936290153436162,0.47123709141720366,Davy Klaassen,M
8034,1,0.3561408817768097,0.21625873492189474,1.030073917352623,0.20870827804057973,-0.19280949003764153,0.625326959881431,Steven Berghuis,M
8037,0,-0.2639220803976059,-0.09178575243134295,-0.6822866686837142,0.13503909964481672,-0.35646238773518374,0.17289088287249782,Dusan Tadić,F
8039,0,-0.32212866097688675,-0.0011056599029982514,-0.014178726222875655,0.2213280887834061,-0.4349087139184742,0.43269739411247765,Antony,F
8050,0,-0.02656303159892559,0.004147259027462842,0.03870146081234506,0.10103683584723988,-0.1938849392331273,0.202179457288053,Alex Sandro,D
8054,1,0.11452487483620644,0.13861989864953406,0.5669656555826982,0.24264081473477386,-0.3369560982306227,0.6141958955296909,Adrien Rabiot,M
8059,1,0.6827443689107895,0.17405760624464625,1.4187158885718745,0.12257512056538676,-0.0661896300635118,0.4143048425528043,Dušan Vlahović,F
8062,0,-0.09440120309591293,0.0052392146415973844,0.05624286573575183,0.0916203686023673,-0.17433670781904254,0.1848151371022373,Aaron Ramsey,M
8071,0,-0.0799480751156807,-0.09001782110229274,-0.8311340195139316,0.10797713186022387,-0.3016529995483315,0.12161735734374603,Sebastian Coates,D
8077,0,-0.04635418951511383,-0.0017716763636936269,-0.022775585194950276,0.09101672557426385,-0.18016445848925078,0.17662110576186352,Joao Palhinha,M
8079,0,-0.034878093749284744,0.022470398875031494,0.21058834358921877,0.10401033875876778,-0.18138986509215335,0.22633066284221634,Matheus Nunes,M
8113,0,-0.1854480877518654,-0.060601639948349724,-0.47632418641905755,0.1277610758439218,-0.31101334860243646,0.18981006870573702,Noah Okafor,F
8129,0,-0.20279523357748985,2.452876442428745e-4,-2.9411277010906405e-4,0.16179552889627855,-0.3168739489924631,0.3173645242809488,Marcelo Brozovic,M
8133,0,-0.15148277580738068,0.006209390122826928,0.057548643951347275,0.10240546930072819,-0.19450532970660034,0.2069241099522542,Matias Vecino,M
8134,1,0.9779304545372725,0.2968051025006299,2.9239022093395746,0.1014624423628471,0.0979387154694496,0.49567148953181023,Denzel Dumfries,M
8136,1,-0.5745677500963211,0.06375286434996233,0.18171112086773966,0.32034397389717517,-0.564121324488501,0.6916270531884257,Ivan Perisic,M
8138,2,-0.6955592855811119,-0.10974300471088479,-0.34842637158143447,0.3250085786668386,-0.74675981889788845,0.5272738094761188,Lautaro Martinez,F
8257,0,-0.15221071243286133,-0.019096348672209648,-0.17862436270960183,0.10747398993297162,-0.22974536894083403,0.1915526715964147,Harry Souttar,D
8324,0,-0.4520460218191147,-0.10081570510456038,-0.5787339561426655,0.17574997106851167,-0.44528564839884327,0.24365423818972248,Joakim Maehle,D
8326,0,-0.11639178916811943,-0.003675300959939534,-0.02554383885972088,0.13677918718183582,-0.2717625078363377,0.2644119059164587,Teun Koopmeiners,M
8328,1,0.14833030104637146,0.02169144718757863,0.12565341569033295,0.16715371608669793,-0.30592983634234927,0.34931273071750657,Remo Freuler,M
8330,0,-0.6510496288537979,-0.11782987758818352,-0.6716751578562582,0.17554190752880236,-0.46189201634463617,0.2262322611682691,Mario Pasalic,M
8341,1,0.5562769919633865,0.19784380078105315,1.4132173035611604,0.1401536587057146,-0.07685737028214748,0.4725449718442538,Gavi,M
8342,1,-0.5856168940663338,-0.15027931452715285,-0.6198121015036495,0.2494070830561669,-0.6391171973172399,0.3385585682629343,Memphis Depay,F
8343,0,-0.2565656118094921,-0.009248947051524332,-0.045379275484792134,0.22115742975806646,-0.4427175093773346,0.4242196152742859,Sergiño Dest,D
8344,0,-0.11505801975727081,0.002131196135676504,0.022462527464176107,0.10016220517463735,-0.19418672600661271,0.1984491182779657,Alex Balde,D
8400,0,-0.08885941654443741,-0.0797478077116403,-0.7826816605635414,0.10180931316106405,-0.27929406150732583,0.11979844608404522,Christian Fassnacht,M
8419,0,-0.10813803225755692,0.014245957249937003,0.12864165513594156,0.11093704556672522,-0.20319065206084444,0.23168256656071842,Gonzalo Montiel,D
8420,0,-0.07454188540577888,0.0397948248015873,0.2770086233050628,0.14175400094753998,-0.23804301705559106,0.31763266665876566,Papu Gómez,M
8551,0,-0.1697455756366253,-0.025206452658730165,-0.14357246718419248,0.171839212418702,-0.3620113089993861,0.31159840368192576,Stephen Eustaquio,M
8555,0,-0.27461621910333633,-0.0812086261337869,-0.5487919781131382,0.1492192720753262,-0.3736783994014262,0.21126114713385244,Otavio,M
8561,1,0.5022550672292709,0.19205315688935842,0.9443889848943596,0.20283284720998704,-0.20549922364221618,0.589605537420933,Mehdi Taremi,F
8564,1,0.8890409842133522,0.28938032921138857,2.0827301304245878,0.13863478724775755,0.017656146205783763,0.5611045122169933,Pepe,D
8583,1,0.26348644122481346,0.10044594004409166,0.4683404141095277,0.20931316908407707,-0.3098078713606994,0.5106997514488827,Theo Hernandez,D
8593,2,1.4651931449770927,0.7402574184567902,3.3146655907993448,0.2229974291427635,0.30318245733697374,1.1773323795766066,Rafael Leao,F
8627,0,-0.49169689416885376,-0.06315867365142357,-0.4803759319612438,0.13358518912532366,-0.32498564433705796,0.1986682970342108,Atiba Hutchinson,M
8631,0,-0.052542977035045624,-0.04554341315822633,-0.4151063097302091,0.10990167316591155,-0.26095069256341297,0.16986386624696032,Georges-Kevin N'Koudou,F
8854,0,-0.5547449290752411,-0.11919576044973554,-0.746211767990026,0.15875588593265377,-0.43035729687773694,0.19196577597826583,Jackson Irvine,M
8927,1,0.6255373358726501,0.23453938733686072,1.7871281881353553,0.13116485768761088,-0.02254373373085658,0.491622508404578,Ao Tanaka,M
9089,1,0.5200317539274693,0.32826299512975576,1.4811609013311222,0.2210519613754215,-0.10499884916607033,0.7615248394255818,Andreas Skov Olsen,M
9094,0,-0.5324382483959198,-0.09542450059838753,-0.721475797436625,0.13378174373222831,-0.35763671831355504,0.16678771711677998,Cyle Larin,F
9178,0,-0.1800318919122219,-0.03643769660367852,-0.20462910863886918,0.1800145256758502,-0.38926616692834487,0.31639077372098784,Marcos Acuña,D
9330,0,-0.15455271676182747,-0.10984983938838498,-0.6751373672676276,0.1624442981165315,-0.4282406636967867,0.20854098492001671,Dani Alves,RB
9820,1,0.6999779641628265,0.20754982916729653,1.8950291495134206,0.10942143492329222,-0.006916183282356214,0.42201584161694927,Achraf Dari,D
9824,0,-0.05265023186802864,-0.048902840291005376,-0.44839784691403073,0.10913220772262931,-0.26280196742735884,0.16499628684534806,Montassar Talbi,D
9837,0,-0.20193123817443848,-0.058851280816326554,-0.632438031962747,0.09322902178131384,-0.24158016350770167,0.12387760187504858,Jackson Porozo,D
9865,1,0.5951625779271126,0.30986888617283975,1.5168923711880236,0.20363548697486225,-0.08925666829789025,0.7089944406435698,Zakaria Aboukhlal,F
9918,0,-0.26113182306289673,-0.03049017486646512,-0.3211201213735379,0.09657743989462118,-0.21978195705992265,0.1588016073269924,Mario Götze,M
9939,0,-0.5142314359545708,-0.08944310997606458,-0.466983376009033,0.19430100257531277,-0.4702730750236776,0.29138685507154843,Jakub Kaminski,F
9963,2,0.36358432471752167,0.2582375910034012,1.0373714211373473,0.24747599493401023,-0.22681535906725886,0.7432905410740613,Niclas Fullkrug,F
9981,2,1.539004884660244,0.5180647668014616,2.953247636507771,0.17536563852682086,0.17434811528889277,0.8617814183140304,Ritsu Doan,F
9993,1,0.704961970448494,0.2853790456544472,1.9397570444239747,0.14717774235219805,-0.0030893293558609813,0.5738474206647555,Kalidou Koulibaly,D
10704,0,-0.08793313801288605,0.02071350514109347,0.18467052553978536,0.11228056349902242,-0.19935639931699048,0.2407834095991774,Kaoru Mitoma,LW
10715,4,1.0049749165773392,0.48620860605127253,1.6977441591705726,0.28448608464502984,-0.07138411985298593,1.043801331955531,Julian Alvarez,CF
11094,3,1.6971557289361954,0.5352736001946334,2.3015549744369226,0.23244329862666757,0.07968473488636502,0.9908624655029019,Cody Gakpo,F
11488,1,0.5546414628624916,0.12727649870811283,0.8066517635461552,0.15718001135762918,-0.18079632355284034,0.435349320969066,Ricardo Horta,F
11841,0,-0.18341634795069695,-0.055349805172587564,-0.3734228429916637,0.14864571940671745,-0.3466954152097538,0.23599580486457863,Hidemasa Morita,M
11854,0,-0.12298067659139633,-0.024838803648274132,-0.18405072730584218,0.1387542920891883,-0.2967972161430832,0.24711960884653494,Alexander Bah,D
11856,1,0.6216272190213203,0.27038974671201843,1.180485617673961,0.22807684035399692,-0.17664086038181553,0.7174203538058523,Enzo Fernandez,M
11960,3,1.391467735171318,0.5770865527286473,2.281749892435321,0.25219668730908396,0.08278104560284272,1.071392059854452,Enner Valencia,F
11994,0,-0.3723565340042114,-0.07250665696271105,-0.4347561563990792,0.16792281000347503,-0.4016353645695221,0.25662205064410004,Dries Mertens,F
12022,0,-0.6451184190809727,-0.1369125039064684,-0.6585730948430639,0.21105227349322012,-0.5505749599531798,0.276749952140243,Andreas Cornelius,F
12154,1,0.4207009878009558,0.1658594065262032,0.9825520593873786,0.16842695682596173,-0.16425742885268177,0.49597624190508816,Famara Diedhiou,F
12183,1,-0.3468373641371727,0.06039654736394565,0.2629187826426759,0.2249318925074132,-0.3804699619505842,0.5012630566784755,Haji Wright,F
12502,0,-0.32065117359161377,-0.05862878056941298,-0.42352483889186254,0.139766146326717,-0.33257042736977827,0.21531286623095233,Min Jae Kim,D
12514,1,0.45234905183315277,0.2955864348185944,1.6666643097923917,0.17708892628426146,-0.051507860698558006,0.6426807303357469,Piotr Zielinski,M
12561,1,0.48465580120682716,0.15078835708301833,0.7253457598178259,0.20853256210435628,-0.25793546464151995,0.5595121788075567,Sergej Milinković-Savić,M
12576,0,-0.3487798124551773,-0.07744635795729406,-0.40928425205345237,0.1900986787110855,-0.4500397682310216,0.2951470523164335,Nikola Milenkovic,D
12586,0,-0.05366239696741104,-0.002413795707986885,-0.025195894391303635,0.1042706945078203,-0.20678435694331468,0.2019567655273409,Sofyan Amrabat,M
12640,0,-0.1038828045129776,0.012387849914336127,0.12676141376688077,0.09099236747162147,-0.16595719033004197,0.1907328901587142,Martin Hongla,M
12643,0,-0.07047439366579056,-0.03277995710821367,-0.2770981099856817,0.11840334154811936,-0.2648505065425276,0.1992905923261003,Darko Lazović,M
12664,0,-0.06585603207349777,-0.024484645018266547,-0.222123424285274,0.11127812234323176,-0.24258976481100078,0.19362047477446767,Saša Lukić,M
12777,0,-0.3493747413158417,-0.10893036732363312,-0.6078978540020764,0.17861740238048615,-0.459020475989386,0.24115974134211973,Abdelhamid Sabiri,M
12820,0,-0.30554089695215225,-0.048612291717687085,-0.35249445528742085,0.1403780465372976,-0.3237532629307904,0.2265286794954162,Jakub Kiwior,M
12945,0,-0.8176832869648933,-0.2628952264625852,-1.3740865913192803,0.19221767750307478,-0.6396418743686118,0.1138514214434414,Bremer,D
13021,0,-0.0616677962243557,-0.024602358795666406,-0.2451627825341091,0.10176547705658051,-0.2240626938265642,0.1748579762352314,Abde Ezzalzouli,F
13032,0,-0.023031683638691902,-0.08762540209183671,-0.8968491477731394,0.09812863120340518,-0.2799575192505109,0.10470671506683744,Pathe Ciss,M
13044,0,-0.17231742292642593,-0.003953405803728895,-0.024237569364548073,0.15086035451686192,-0.29963970065677825,0.2917328890493205,Jawad El Yamiq,D
13049,0,-0.28399381041526794,-0.040425425956160214,-0.31128585624722055,0.1316062316777988,-0.2983736400446459,0.21752278813232545,Gonzalo Plata,F
13121,0,-0.4180848225951195,-0.089058965753968225,-0.4421812069106635,0.20225455433598713,-0.485477892252503,0.30735996074456656,Yunus Musah,M
13178,0,-0.12662434577941895,-0.03838573615142357,-0.39486898621490324,0.09793833558249623,-0.2303448738931162,0.15357340159026905,Nico Williams,F
13222,1,0.7459845989942551,0.14240330601977816,1.0768204237050802,0.1320107383891963,-0.1163377412230466,0.4011443532626029,Nahuel Molina,D
13228,0,-0.16031216084957123,-0.026710625156210605,-0.1603529028125908,0.16795387778394064,-0.3559002256127342,0.30247897530031304,Youssouf Sabaly,D
13563,0,-0.07434684783220291,-0.019723660957420012,-0.20576888606166044,0.09620265896255831,-0.2082808725240343,0.16883355060919428,Jewison Bennette,LW
13779,0,-0.20075486600399017,-0.08373806690476192,-0.8791281236751108,0.09487846956324988,-0.2696998672487317,0.10222373343920786,Juan Pablo Vargas,LCB
13780,1,0.5742228999733925,0.2790285686797683,1.7262871190460185,0.161454029956736,-0.0374213300354343,0.5954784673949709,Keysher Fuller,D
13785,0,-0.11304992437362671,-0.008443316753590314,-0.09242721307827137,0.09175492738992452,-0.18828297443784237,0.17139634093066175,Gerson Torres,M
13788,1,0.4898773580789566,0.2634249360071806,1.8017479572217068,0.14613651369694122,-0.0230026308388242,0.5498525028531853,Yeltsin Tejeda,M
13797,0,-0.43114835023880005,-0.11076972043272866,-0.8414918524851893,0.13078515565792287,-0.3671086255222575,0.1455691846568002,Shogo Taniguchi,D
13801,0,-0.11384439840912819,-0.054973943406399634,-0.3297087055127499,0.16809196175076446,-0.384434188437898,0.2744863016250987,Yuki Soma,F
13802,2,1.1328646540641785,0.404386743765432,2.321678137385254,0.1736243581539886,0.06408300178361431,0.7446904857472496,Daizen Maeda,F
13813,0,-0.1511230506002903,-0.10793056352040821,-0.5976111882176415,0.180790136922367,-0.46227923188824754,0.24641810484743115,Fran Karacic,D
13815,1,0.8591898679733276,0.29899386413202333,3.040243631999362,0.09833726366180223,0.10625282735489097,0.4917349009091557,Mathew Leckie,F
13817,0,-0.16674965620040894,-0.015213590650667665,-0.14643005649641253,0.10534216292826591,-0.22168422999006884,0.19125704868873353,Jamie Maclaren,F
13819,1,-0.11979642882943153,0.11339340149029992,0.48564227653878117,0.23015600906687625,-0.33771237628077755,0.5644991792613774,Mitchell Duke,F
13820,0,-0.10502786561846733,-0.02453754523872511,-0.1711199860275034,0.1463319649529153,-0.3113481965464391,0.2622731060689889,Aziz Behich,D
13821,0,-0.09800519794225693,-0.01693031496850592,-0.17769574839507093,0.09546239514669846,-0.2040366094560349,0.17017597951902308,Keanu Baccus,M
13823,1,0.7388049438595772,0.310603016250315,1.936526346369577,0.1604037471575484,-0.0037883281784798495,0.6249943606791099,Craig Goodwin,F
13825,0,-0.2605563998222351,-0.07023363285399344,-0.7212156852070569,0.09724338804453933,-0.2608306734212905,0.12036340771330366,Garang Kuol,F
13830,0,-0.3795832544565201,-0.05149951409297053,-0.35411602607469733,0.14627563795764306,-0.3381997644899509,0.23520073630400984,Pedro,F
13848,0,-0.46492230892181396,-0.0701230114846308,-0.441727390450436,0.1596364141864544,-0.3830103832900814,0.24276436032081983,Kamil Glik,D
13850,0,-0.3173946440219879,-0.044723895001259756,-0.3230347676606095,0.13936310592499773,-0.3178755826142553,0.22842779261173582,Grzegorz Krychowiak,M
13851,0,-0.04123307392001152,-0.03698825817964223,-0.35490019472965306,0.1048831903100945,-0.24255931118742746,0.16858279482814298,Michal Skoras,F
13857,0,-0.07160213589668274,0.014445203283572697,0.12257093286361172,0.11390263378530173,-0.2088039589356187,0.23769436550276407,Borna Barisic,D
13858,0,-0.08008717000484467,-0.0198200158408919,-0.1966591168348498,0.10131650835233182,-0.21840037221146227,0.17876034052967846,Josip Juranovic,D
13859,1,0.3921561948955059,0.19894873454459572,0.8051703760804425,0.24333985431020352,-0.2779973799034032,0.6758948489925947,Mislav Orsic,F
13860,1,-0.16454559937119484,0.13066249012597603,0.5930741584827661,0.2194607714655762,-0.2994806219465533,0.5608056021985053,Marko Livaja,F
13864,0,-0.17818466573953629,-0.02495401691295035,-0.17451238469388053,0.14549910849014494,-0.31013226955363443,0.26022423572773373,Yahia Attiat-Allah,D
13866,0,-0.33804309368133545,-0.08633244681090962,-0.6088500478469049,0.14172823443278915,-0.36411978629917635,0.1914548926773571,Selim Amallah,M
13869,0,-0.65691739320755,-0.13375870209876534,-0.9225750801191585,0.144889853196639,-0.41774281436417776,0.1502254101666471,Walid Cheddira,F
13870,0,-0.405366025865078,-0.13956941381834218,-1.042467705290797,0.13378320131693652,-0.40178448839953773,0.12264566076285341,Abderrazak Hamdallah,F
13872,0,-0.06451313942670822,0.0010778064348702459,0.011810244900679523,0.09460578638937216,-0.1843495348882992,0.18650514775803967,Collins Fai,D
13873,0,-0.3631121627986431,-0.053588986040564356,-0.26933398503435874,0.2038926254755961,-0.4532185319727327,0.34604055989160404,Pierre Kunde,M
13875,2,1.156753744930029,0.3727719435978838,1.7143065833823283,0.21765062675671168,-0.0538232848452711,0.7993671720410387,Vincent Aboubakar,F
13904,0,-0.04622694477438927,-0.03830096077853365,-0.3233918830206583,0.11854624829165297,-0.27065160743017347,0.19404968587310617,Filip Mladenovic,M
13906,0,-0.05422576144337654,0.009755453682287734,0.09374191854270304,0.10278436868857639,-0.191701908947322,0.21121281631189745,Andrija Zivkovic,F
13910,0,-0.10706596076488495,0.0018108931733434254,0.020979336530730548,0.10088270082788471,-0.1959192004493106,0.19954098679599747,Kyung-won Kwon,D
13911,1,0.693681389093399,0.28485646323129266,2.6199590822276106,0.10849255217905915,0.07221106096033672,0.4975018655022486,Young-gwon Kim,D
13912,1,0.07507957518100739,0.1575300723454936,0.7489527915855732,0.2094347005673215,-0.2529619407664565,0.5680220854574437,Jin-su Kim,D
13917,0,-0.10689076781272888,-0.009907492761400858,-0.0958914489880012,0.1091922176764689,-0.2239242394072799,0.2041092538844782,Chang-hoon Kwon,F
13918,0,-0.2092704027891159,-0.0526234692680776,-0.48205806253266237,0.10952409873656489,-0.26729070279174477,0.16204376425558958,Sang-ho Na,F
13919,1,0.9026017785072327,0.3160793557307773,2.274784390341028,0.13888852367158316,0.043857849334474286,0.5883008621270802,Seung-ho Paik,M
13922,0,-0.2640824615955353,-0.05636330221781306,-0.5081932283182526,0.11174179707390543,-0.2753772244826677,0.16265062004704156,Woo-young Jung,M
13923,2,-0.5146717503666878,0.11222395158856127,0.4575755547030757,0.23829627799189568,-0.3548367532755542,0.5792846564526768,Gue-sung Cho,F
13926,0,-0.22238600254058838,-0.0714984997959184,-0.6766635562827258,0.10593282997179303,-0.27912684654063274,0.13612984694879593,Diego Godin,D
13929,0,-0.11883987486362457,-0.07207924407218447,-0.7010280330188752,0.10227355111370738,-0.27253540425505096,0.128376916110682,Nicolas De La Cruz,M
13930,2,1.5126849263906479,0.35039391868354763,2.382377167721917,0.1467498708054267,0.06276417190491129,0.638023665462184,Giorgian De Arrascaeta,M
13937,0,-0.24824807420372963,0.006532135295414479,0.033754309704943856,0.17541380576868296,-0.33727892401120413,0.35034319460203306,Angelo Preciado,D
13940,0,-0.15972420573234558,-0.06217310948034771,-0.5680319465553949,0.10961477540199117,-0.2770180692682504,0.15267185030755498,Kevin Rodriguez,F
13944,0,-0.5579970367252827,-0.023281815834593073,-0.11252960969889743,0.22217873780618796,-0.45875214193472147,0.4121885102655354,Abdelkarim Hassan,D
13946,0,-0.3136541284620762,-0.015788501936255996,-0.0967094238200964,0.1732167060673721,-0.3552932458283053,0.32371624195579335,Pedro Miguel,D
13947,0,-0.4108046665787697,-0.10761379369110609,-0.7516739510608594,0.14424961736068118,-0.3903430437180412,0.17511545633582903,Ismaeel Mohammed,F
13954,0,-0.060732126235961914,0.006951670054169815,0.06706852370623868,0.10478862521866622,-0.19843403537441595,0.2123373754827556,Abdulaziz Hatem,M
13960,0,-0.04592876136302948,-0.0014070788158226384,-0.01360944523348214,0.11146701046732606,-0.2198824193317817,0.21706826170013643,Hasan Al-Haydos,F
13961,0,-0.12348577752709389,0.00911348085159991,0.057996671648552,0.1425397565192797,-0.27026444192618826,0.2884914036293881,Akram Afif,F
13962,0,-0.6327834129333496,-0.2547124539159738,-1.5546268997182815,0.16404944805570743,-0.5762493721051604,0.06682446427321276,Almoez Ali,F
13963,1,0.6708793342113495,0.23480885292517006,1.6348529608435534,0.1434242904935234,-0.04630275644213577,0.5159204622924759,Mohammed Muntari,F
13970,1,0.9510490484535694,0.38469526224111855,3.263051200313373,0.11780608206176034,0.15379534140006829,0.6155951830821689,Roozbeh Cheshmi,M
13971,0,-0.12535294890403748,-0.04272872986898461,-0.40710091530627773,0.10406522427493194,-0.24669656944785118,0.16123910970988198,Ehsan Hajsafi,D
13977,0,-0.19254159182310104,-0.0780793218827161,-0.5517057766077857,0.14262907011412862,-0.3576322993064082,0.20147365554097602,Morteza Pouraliganji,D
13978,1,0.7848303206264973,0.18948616471592378,1.498624233558079,0.1264728249809351,-0.058400572246709,0.4373729016785566,Ramin Rezaeian,D
13980,0,-0.19348915293812752,-0.011651573362937769,-0.07547765513383604,0.1669164699159964,-0.3388078543982907,0.3155047076724152,Saeid Ezatolahi,M
13981,1,0.5217353105545044,0.19953593579994963,1.3400133326163322,0.14853604518276606,-0.09159471275827183,0.4906665843581711,Ali Gholizadeh,F
13982,0,-0.24907029420137405,3.3919259007308673e-4,-0.005890175689038094,0.17234628371369248,-0.3374595234887642,0.33813790866891036,Ahmad Nourollahi,M
13983,0,-0.13521043583750725,-0.08742395254031245,-0.6461115665421708,0.13510579154605867,-0.35223130397058744,0.17738339888996257,Mehdi Torabi,F
13984,0,-0.06813177466392517,-0.026063210352733703,-0.2550446667037367,0.10410660880776583,-0.23011216361595474,0.17798574291048733,Karim Ansarifard,F
13991,0,-0.3518313467502594,-0.04831438017762665,-0.2967060259211968,0.16739531235116983,-0.37640919238591947,0.2797804320306662,Mohammed Al-Burayk,D
13993,0,-0.09635734185576439,-0.12332422633959558,-0.922502447439889,0.13415015223911955,-0.38625852472826994,0.13961007204907874,Sultan Al-Ghannam,D
13994,0,-0.04031211882829666,0.013678942305366598,0.1256166462079991,0.11065646946780199,-0.2032077378515253,0.23056562246225848,Saud Abdulhamid,D
13995,0,-0.10400940477848053,0.005683329535147399,0.05363541740200592,0.09797458172578193,-0.18634685064738518,0.19771350971767995,Abdulelah Al-Amri,D
13998,2,1.3547231927514076,0.4415288548171626,2.0291187315260926,0.21704516738909063,0.016120326734544943,0.8669373828997802,Salem Al-Dawsari,F
14000,0,-0.14876797422766685,-0.020704680391156485,-0.13503248796255765,0.1545269701487175,-0.32357754188264276,0.2821681811003298,Nawaf Al-Abed,M
14003,0,-0.6067879144102335,-0.18990826646573458,-0.8626103431803386,0.2211648771495514,-0.6233914256788553,0.24357489274738617,Mohamed Kanno,M
14004,0,-0.20282243192195892,0.01652149326215674,0.11098713897860003,0.14454596155652105,-0.26678859138862454,0.299831577912938,Abdulelah Al-Malki,M
14006,0,-0.16811838746070862,-0.12189269118480724,-1.0980661544115082,0.11125257260036307,-0.33994773348151885,0.0961623511119044,Ali Al-Hassan,M
14009,0,-0.08708789944648743,-0.04068053903439154,-0.3586547329473659,0.1135977717909857,-0.2633321717447235,0.18197109367594042,Abdulrahman Al-Oboud,F
14010,0,-0.17904121801257133,-0.0360866551253464,-0.24900297729005644,0.14690473700826842,-0.3240199396615525,0.25184662941085967,Firas Al-Buraikan,F
14011,1,0.6237494945526123,0.20301293732489292,1.15577038290798,0.17525044848412172,-0.14047794170398561,0.5465038163537714,Saleh Al-Shehri,F
14018,1,0.8822205439209938,0.30471849444129506,3.0048424474229725,0.1013316370171804,0.10610848588762148,0.5033285029949687,Nader Ghandri,D
14022,0,-0.19396458938717842,-0.08689017638762915,-0.7159606883173067,0.12141599518263742,-0.3248655269455985,0.15108517417034018,Aissa Laidouni,M
14024,0,-0.05248364061117172,0.011903714479087944,0.13270462019906087,0.08611584508881698,-0.15688334189499334,0.18069077085316923,Ferjani Sassi,M
14025,0,-1.2072814144194126,-0.1944295696044343,-0.8751920018220801,0.2232509821451614,-0.6320014946089506,0.243142355400082,Youssef Msakni,F
14027,0,-0.3405647277832031,-0.06614102030990174,-0.541968906696236,0.12194599304266163,-0.3051551666735185,0.17287312605371505,Naim Sliti,F
14028,1,0.6246243380010128,0.07326118717561096,0.47636441425140114,0.15349009617366036,-0.22757940132476334,0.3741017756759853,Issam Jebali,F
14030,0,-0.46741023659706116,-0.1181857964871505,-1.1193804273877954,0.10526386443016506,-0.324502970770274,0.08813137779597302,Anis Slimane,M
14040,1,0.21645087003707886,0.09550273982930231,0.8669483530845242,0.1107706918403873,-0.1216078161778568,0.3126132958364614,Andre Ayew,F
