shooter,number_of_shots,non_penalty_goals_scored,GAX,rGAX,tstat,sd.V1,ci_lower,ci_upper,shooter_name,shooter_position_type
1,10,1,-0.002758815884590149,0.012245865722474053,0.09579509336491372,0.12120877882770657,-0.22532334077983082,0.24981507222477892,Harry Kane,CF
9,1,0,-0.04385395348072052,-0.012119957045225498,-0.12633165741560154,0.09691025501079036,-0.2020640568663746,0.1778241427759236,Aymeric Laporte,D
10,3,0,-0.3140208572149277,-0.06866023255857898,-0.40600419165335583,0.16928266074998707,-0.40045424762855364,0.26313378251139563,John Stones,D
11,2,0,-0.3008122183382511,-0.03478257450302343,-0.26856394968543384,0.13006396278916924,-0.2897079415697951,0.22014279256374827,Nicolás Otamendi,D
18,1,0,-0.04901969060301781,0.008377929969765687,0.08711163013352902,0.09481689005452901,-0.17746317453711116,0.19421903447664254,Rodri,M
20,6,0,-0.6189364157617092,-0.13187487501322737,-0.7387351364039213,0.1788159346373784,-0.48235410690248903,0.2186043568760343,Ilkay Gündogan,M
21,6,1,0.07038473710417747,0.13905216824011093,0.6516771615420986,0.2114131681580966,-0.27531764134975845,0.5534219778299803,Phil Foden,M
22,6,0,-0.49556658044457436,-0.09330437781935,-0.5129961418072034,0.18147805168016792,-0.44900135911247907,0.26239260347377913,Kevin De Bruyne,M
25,1,1,0.646714836359024,0.2578728127456539,2.4726172570815006,0.10428843092526786,0.05346748813212887,0.4622781373591789,Raheem Sterling,F
26,3,0,-0.2181754782795906,0.008950602021290015,0.055992032829300827,0.15577557324712857,-0.296369521543082,0.314270725585662,Leroy Sané,F
27,2,0,-0.14857445657253265,0.003861447142857139,0.02449501063329167,0.14364011810419944,-0.2776731843413738,0.28539607862708805,Bernardo Silva,M
30,2,0,-0.21949408575892448,-0.043048829648526146,-0.289503709791813,0.1488385474826965,-0.3347723827146113,0.24867472341755903,Gabriel Jesus,F
37,4,0,-0.5736590698361397,-0.07500751026832965,-0.3761844416708901,0.2014997292669741,-0.46994697963159887,0.3199319590949396,Virgil van Dijk,D
40,4,0,-0.48052244260907173,-0.046306534284454706,-0.23868949598153066,0.19820456515894885,-0.43478748199599443,0.34217441342708504,Dejan Lovren,D
47,2,1,0.6777148395776749,0.21015861196786473,1.4343757088826414,0.14670187790682496,-0.07737706872951217,0.4976942926652416,Jordan Henderson,M
55,1,0,-0.05406399816274643,0.004749406749811037,0.03758602606678238,0.11817127221500408,-0.22686628679159695,0.23636510029121902,Takumi Minamino,F
57,3,1,0.7893584556877613,0.24234827081254723,1.4564939908457883,0.16593777010354566,-0.08288975859040226,0.5675863002154967,Xherdan Shaqiri,M
67,3,0,-0.3812674283981323,-0.13176061758188462,-0.7552601571969199,0.1752453090988491,-0.47524142341562886,0.21172018825185962,Jan Vertonghen,D
71,3,0,-0.5750062763690948,-0.04145747073696148,-0.23616266164839134,0.1800657629310849,-0.3943863660818879,0.3114714246079649,Ben Davies,D
83,10,0,-1.1098678037524223,-0.0965348624376417,-0.4220741707948413,0.2321331799734584,-0.5515158951856202,0.35844617031033676,Heung-min Son,F
84,2,0,-0.10414129495620728,-0.009189079315948622,-0.06676746713708795,0.1454241615023721,-0.294220435860598,0.2758422772287007,Steven Bergwijn,F
90,6,1,0.5672244355082512,0.308005296356135,1.327585287750789,0.2309961079112634,-0.14474707514994128,0.7607576678622112,Antonio Rüdiger,D
92,3,1,0.6223863121122122,0.2444478167579994,1.404472709266899,0.17374939488840274,-0.09610099722326995,0.5849966307392688,Andreas Christensen,D
100,3,0,-0.4633794277906418,-0.07379180588750316,-0.45369660199669365,0.16236761636882596,-0.39203233397040205,0.2444487221953957,Mateo Kovacic,M
105,4,0,-0.3224058225750923,-0.03553471080309899,-0.19436331646985663,0.18663960957379405,-0.40134834556773535,0.33027892396153735,Mason Mount,M
107,7,1,0.15946374088525772,0.11855725373645748,0.5266418579350894,0.22139236883040164,-0.31537178917112973,0.5524862966440447,Christian Pulisic,F
112,7,1,0.035009488463401794,0.054995455021416076,0.23934206935130717,0.22757516204414885,-0.39105186258511565,0.5010427726279478,Michy Batshuayi,F
113,18,4,0.7279228679835796,0.3188552673122957,1.2097421921970857,0.26014298390762053,-0.19102498114664052,0.828735515771232,Olivier Giroud,F
118,5,0,-0.625274308025837,-0.06631112892983126,-0.32240730732983175,0.21051474557563868,-0.47892003025808305,0.3462977723984205,Harry Maguire,D
123,3,0,-0.1995161548256874,-0.05242338206853108,-0.3202486446636234,0.1649150757611476,-0.3756569305603804,0.27081016642331823,Luke Shaw,D
127,1,0,-0.04336412623524666,-0.007172471194255479,-0.07868984612200548,0.09238831428137809,-0.18825356718575653,0.17390862479724556,Diogo Dalot,D
132,3,0,-0.2793676517903805,-0.09334509695641224,-0.5454009978433858,0.17126188864051123,-0.42901839869181424,0.24232820477898975,Fred,M
133,7,0,-0.4261084832251072,-0.029575893960065516,-0.14061271238366604,0.21599489191061802,-0.4529258821048768,0.3937740941847458,Bruno Fernandes,M
136,11,3,1.895327240228653,0.5309919313517258,2.136526851923467,0.2475482740728856,0.04579731416887006,1.0161865485345816,Marcus Rashford,F
157,7,0,-0.4068288095295429,-0.044222091923658426,-0.2088186558594984,0.2123612625635179,-0.4604501665481535,0.3720059827008366,Granit Xhaka,M
162,5,0,-0.5526335053145885,-0.06938252396573442,-0.3515195895471662,0.19855815680219221,-0.45855651129803116,0.31979146336656233,Gabriel Martinelli,F
163,7,3,1.8949873372912407,0.43511843277525825,1.9357093795520726,0.224234402629368,-0.004380996378303026,0.8746178619288195,Bukayo Saka,M
195,7,3,1.7723522894084454,0.49129932147518357,2.2572299077399434,0.21695071382265257,0.06607592238278454,0.9165227205675825,Richarlison,F
214,3,0,-0.17713655531406403,0.0015789667126480194,0.011128086624745431,0.1621538101063816,-0.31624250109585994,0.31940043452115596,Nampalys Mendy,M
233,1,1,0.7620949000120163,0.2583291530971279,2.7383839204183396,0.09403485333393985,0.0740208405626058,0.44263746563164996,Romain Saïss,D
240,2,0,-0.1804906390607357,-0.04095480777588819,-0.26253494047685333,0.157689073305257,-0.35002539145419187,0.26811577590241553,Rúben Neves,M
241,1,0,-0.06355112791061401,0.025028968658352233,0.23399885722597133,0.10700947194504758,-0.18470959635394102,0.23476753367064546,Leander Dendoncker,M
308,2,0,-0.09044710919260979,-0.10023976733245149,-0.6531647356592144,0.1542315351561341,-0.40253357623847436,0.20205404157357137,Harry Wilson,F
320,1,0,-0.04864823818206787,-0.004491858548752833,-0.04146083809894969,0.10421166457719634,-0.20874672112005765,0.19976300402255198,Fabian Schär,D
371,1,1,0.40826672315597534,0.2621375682489291,2.557423713927405,0.10245873828118039,0.06131844121781552,0.4629566952800427,Jack Grealish,M
395,2,0,-0.07937584817409515,0.008739512327412458,0.06025649047129989,0.14591869012771788,-0.2772611203229146,0.2947401449777395,Pierre-Emile Höjbjerg,M
401,6,0,-0.3083704896271229,-0.06566068881267326,-0.30933043534723065,0.21671193747189943,-0.49041608625759614,0.35909470863224957,Sofiane Boufal,F
428,9,0,-0.8886690363287926,-0.10908108761148899,-0.49908311612729367,0.22477121853611856,-0.5496326759422814,0.3314705007193034,Ismaïla Sarr,F
444,1,0,-0.060419246554374695,-0.04016731726568405,-0.41388723658589155,0.09777854393546322,-0.23181326337919195,0.15147862884782387,Tariq Lamptey,D
449,1,0,-0.08312153071165085,0.004829553666540686,0.0379049526841518,0.11425382371403703,-0.21910794081297189,0.22876704814605328,Aaron Mooy,M
453,8,1,0.25894944928586483,0.17051625437893675,0.7037679712566965,0.23758330986142417,-0.2951470329494546,0.6361795417073282,Alexis MacAllister,F
457,3,0,-0.26365571841597557,-0.06264826358717561,-0.3564711111393805,0.17765495993321015,-0.4108519850562675,0.2855554578819163,Alireza Jahanbakhsh,F
589,3,0,-0.20026646181941032,0.028112552497480472,0.16081127634642717,0.1677738558956122,-0.3007242050579194,0.35694931005288033,Neco Williams,D
649,1,0,-0.04696010798215866,-0.005344927371504158,-0.05743782531632161,0.095275664645314,-0.1920852300763196,0.1813953753333113,Francisco Calvo,D
668,1,0,-0.03523865342140198,-0.002168448524187432,-0.024667715170924937,0.1073619913282323,-0.21259795152752275,0.2082610544791479,Przemyslaw Frankowski,F
754,1,0,-0.10711552947759628,-0.017647317906273614,-0.1763602819732381,0.09781915216669054,-0.20937285615298706,0.17407822034043985,Kendall Waston,D
916,1,0,-0.0993284359574318,-0.019669670538548737,-0.21321700834828833,0.08940145414096867,-0.19489652065484733,0.15555717957774987,Walker Zimmerman,D
926,3,0,-0.29638537019491196,-0.06372096136810278,-0.3857751759520091,0.16774077444726562,-0.3924928792847434,0.26505095654853783,Alistair Johnston,D
963,5,0,-0.7236162275075912,-0.19843023993764186,-0.9531533948382386,0.20923314762830614,-0.6085272092891219,0.21166672941383818,Tajon Buchanan,F
1067,1,0,-0.11068010330200195,-0.013469583736457538,-0.12954785803862418,0.10613729115935555,-0.22149867440879442,0.19455950693587934,Brenden Aaronson,M
1225,2,0,-0.07543214969336987,0.03277387147518266,0.2319302048984322,0.13843133190091428,-0.2385515390506093,0.30409928200097464,Richie Laryea,D
1228,1,0,-0.0305758286267519,-0.05248901837490554,-0.4504505365912468,0.11568340035107234,-0.27922848306300735,0.17425044631319625,Jonathan Osorio,M
1257,6,0,-0.2989044561982155,0.02835783667611489,0.12569543396448413,0.2118406838310264,-0.3868499036326968,0.4435655769849266,In-beom Hwang,M
1287,1,0,-0.050306763499975204,0.0016533688025951107,0.017986520082511247,0.08634274709313161,-0.16757841549994285,0.17088515310513308,José Cifuentes,M
1289,1,0,-0.04303399473428726,0.010173627893046107,0.09994109794814877,0.10315796654066735,-0.1920159865266619,0.2123632423127541,Mark-Anthony Kaye,M
1334,5,0,-0.49546151980757713,-0.10691718988662137,-0.5459914981200906,0.19723365396587728,-0.4934951516597408,0.27966077188649807,Weston McKennie,M
1336,6,2,1.271060235798359,0.3736781039279416,1.7707730707663616,0.2100635268518798,-0.038046408701742807,0.785402616557626,Timothy Weah,F
1339,1,0,-0.04080689325928688,-0.019319266080246908,-0.19418893667409776,0.10009299299204799,-0.21550153234466096,0.17686300018416717,Tyler Adams,M
1363,3,0,-0.23963059857487679,-0.07502781628936758,-0.47035010141654626,0.16010722452319234,-0.38883797635482453,0.2387823437760894,Inaki Williams,F
1368,3,0,-0.2785306014120579,0.003846807191987914,0.017465126255496084,0.16600280833240513,-0.32151869713952613,0.329212311523502,Jose Gimenez,D
1377,1,0,-0.03224654495716095,-0.0210796758793147,-0.21112605354157407,0.0988208229508442,-0.21476848886296931,0.17260913710433992,Kieran Trippier,D
1380,2,0,-0.1327333115041256,0.015656631553917853,0.11392297698665402,0.1308321699647099,-0.2407744215769135,0.2720876846847492,Thomas Partey,M
1381,1,0,-0.1426212042570114,-0.08796313293461837,-0.8955868633469026,0.09790496883796483,-0.27985687185702945,0.1039306059877927,Marcos Llorente,M
1387,4,0,-0.5117227658629417,-0.003950552804862699,-0.0242782356822654,0.19480054827384047,-0.38575962742159,0.37785852181186463,Yannick Carrasco,F
1393,10,1,0.462109100073576,0.22281766503916195,0.895180312098963,0.24645445720072248,-0.2602330710742541,0.705868401152578,Joao Felix,F
1394,9,3,1.5019931867718697,0.5563018197115145,2.1560376502464904,0.25649957854002964,0.05356264577305636,1.0590409936499725,Alvaro Morata,F
1406,3,1,0.46630703657865524,0.23511395676429814,1.451608730402039,0.1616530450802662,-0.08172601159302362,0.5519539251216199,Pervis Estupinan,D
1513,2,0,-0.09093908593058586,0.02558747574829932,0.1845960830191564,0.13997412962405217,-0.24876181831484293,0.2999367698114416,Jordi Alba,D
1519,2,0,-0.10896791145205498,0.017874172171201824,0.12917234049070936,0.13782413677401747,-0.2522611359058724,0.2880094802482761,Sergio Busquets,M
1522,2,1,0.9055229742079973,0.2643603699596879,1.8130212388383844,0.14595453605451966,-0.02171052070717061,0.5504312606265465,Frenkie de Jong,M
1531,24,4,1.194894190877676,0.3928867260997733,1.3460144672206773,0.28595177717365405,-0.16757875716058862,0.9533522093601352,Lionel Messi,F
1532,8,0,-0.5943047888576984,-0.03657687546737214,-0.15226081745198133,0.2546206608193161,-0.5356333706732317,0.46247961973848745,Ousmane Dembele,F
1534,7,1,0.09313302487134933,0.09475293677563623,0.4219625546570952,0.22262284710106636,-0.3415878435424538,0.5310937170937262,Antoine Griezmann,F
1535,3,0,-0.48553307354450226,-0.0852687156764929,-0.46182184277296495,0.1855022338951487,-0.44885309411098434,0.2783156627579985,Luis Suarez,F
1536,2,0,-0.31300088763237,-0.05147292033692939,-0.3834219851592918,0.1340463329876613,-0.31420373299274557,0.21125789231888675,Martin Braithwaite,F
1545,2,0,-0.15338949859142303,0.00572860951310155,0.04145302682866811,0.13108814262950866,-0.25120415004073543,0.26266136906693854,Mathí­as Olivera,D
1665,1,0,-0.148151695728302,-0.0034834285216679113,-0.04658279172086336,0.08173757204993927,-0.1636890697395489,0.15672221269621306,Ante Budimir,F
1675,3,0,-0.3964560404419899,-0.013458837215293507,-0.07489388223361215,0.17667331773851275,-0.3597385399827785,0.3328208655521915,Raphael Varane,D
1676,5,0,-0.38146282359957695,-0.0012508296863189851,-0.011523420255922904,0.18750508166720262,-0.36876078975403614,0.3662591303813981,Eder Militao,D
1681,4,0,-0.21266889572143555,-0.03421736623897708,-0.1755303407479542,0.20182802624154433,-0.42980029767240396,0.3613655651944498,Achraf Hakimi,D
1683,8,1,0.5971548464149237,0.19449390221088442,0.812452645788305,0.23961029212029542,-0.2751422703448946,0.6641300747666634,Casemiro,M
1684,6,0,-0.437001496553421,-0.05115048020597125,-0.26069544753835844,0.20007775189400576,-0.44330287391822254,0.34100191350628006,Federico Valverde,M
1687,6,0,-0.29723747447133064,-0.019269380120937266,-0.10542954284620025,0.18944482362750104,-0.3905812344308393,0.3520424741889648,Luka Modric,M
1694,1,0,-0.0648597851395607,-0.03550409969387756,-0.3113197069645809,0.11428704039479,-0.259506698867666,0.18849849947991085,Eden Hazard,F
1695,10,2,0.45665351301431656,0.2909583975566894,1.084703255532523,0.26484412258701095,-0.2281360827138521,0.8100528778272309,Vinícius Junior,F
1696,10,1,0.1515046637505293,0.09882714408478184,0.40763315924228594,0.23653906073609493,-0.36478941495796424,0.5624437031275279,Marco Asensio,F
1697,6,0,-0.5141270235180855,-0.13153185469702694,-0.5981875857808782,0.22178324310195668,-0.566227011176862,0.30316330178280815,Rodrygo,F
1698,1,0,-0.06875468045473099,-0.0027983842787855876,-0.02974981620170337,0.09267592112893543,-0.18444318969149903,0.17884642113392785,Gareth Bale,F
1702,1,0,-0.07557263225317001,-0.03133355456853112,-0.3067183678960458,0.10210568536117104,-0.23146069787642637,0.16879358873936412,Luka Jovic,F
1789,4,0,-0.30519208312034607,-0.11228558675359034,-0.5789358841118208,0.19602805492861214,-0.4965005744136701,0.2719294009064894,Jules Kounde,D
1810,10,3,1.561725914478302,0.4222136036589824,1.5760056968024707,0.26587475748480854,-0.09890092101124237,0.9433281283292072,Youssef En-Nesyri,F
1829,2,1,0.7623811140656471,0.246308240293525,1.8177336024194226,0.1354930778639361,-0.019258192319789758,0.5118746729068397,Carlos Soler,M
1830,6,0,-0.4355281852185726,-0.036205394227135264,-0.15756237150990124,0.2395420218611295,-0.5057077570749491,0.43329696862067857,Kang-in Lee,M
1836,2,0,-0.1322494074702263,0.01502252513857394,0.10415305711743363,0.13871261819353842,-0.25685420652076135,0.28689925679790923,Maxi Gomez,F
1876,1,0,-0.04093928262591362,-0.012627740416351731,-0.11341840963115693,0.10964677328357794,-0.22753541605216449,0.20227993521946103,William Carvalho,M
1907,2,0,-0.12389654293656349,0.01071195261337868,0.07194448655901677,0.14127241817286018,-0.2661819870054272,0.28760589223218463,Vitinha,M
1910,2,1,0.5912653356790543,0.1701688510078106,1.1146424090766602,0.15213534534275983,-0.12801642586399864,0.46835412787961983,Mohammed Salisu,D
1926,1,0,-0.13292554020881653,0.005428736880826417,0.04851205885361361,0.11057889967188632,-0.21130590647607075,0.2221633802377236,Thiago Silva,D
1931,1,0,-0.06728819012641907,0.0013655097631645253,0.01859929936589342,0.08812392656591586,-0.17135738630603056,0.1740884058323596,Ethan Ampadu,D
1937,6,3,1.6926762014627457,0.5257384058453012,2.276675261459314,0.2305490456518452,0.07386227636768461,0.9776145353229178,Kai Havertz,M
1938,10,1,0.47995365783572197,0.25311096269841277,0.877826078683272,0.284657862496244,-0.30481844779422546,0.8110403731910509,Hakim Ziyech,F
1950,5,1,0.035829804837703705,0.21380327338309416,0.9726508424753626,0.21925303118814396,-0.21593266774566802,0.6435392145118564,Ferran Torres,F
1957,1,0,-0.04725006967782974,-5.749259429327275e-4,-0.0044428123100586775,0.10068681544127694,-0.19792108420783555,0.19677123232197008,Marko Grujic,M
1971,1,0,-0.326945424079895,-0.07792650365898214,-0.9028130748867594,0.08562989091826631,-0.2457610898587841,0.08990808254081982,Tim Ream,D
1977,1,0,-0.09356753528118134,0.013651869865205337,0.13275032285625085,0.10012069658157542,-0.18258469543468248,0.20988843516509315,André Zambo Anguissa,M
1991,11,2,0.19625985622406006,0.17835963915658873,0.7174609714825849,0.24491940803783332,-0.30168240059756457,0.6584016789107421,Aleksandar Mitrovic,F
2066,1,0,-0.05278101935982704,-0.026788884342403608,-0.24759733096163525,0.10671061358191139,-0.23594168696294993,0.1823639182781427,Ruben Dias,D
2073,5,0,-0.40288977697491646,0.005473759694507383,0.014005390343337637,0.22562404676250564,-0.4367493719600037,0.4476968913490184,Joachim Andersen,D
2074,8,0,-0.6142284404486418,-0.15566010436507943,-0.6726812406775436,0.2360010454725401,-0.618222153491258,0.30690194476109917,Raphinha,M
2075,1,0,-0.21398288011550903,-0.048373094508692434,-0.44574094253864244,0.10885596880785345,-0.2617307933720852,0.16498460435470033,Facundo Pellistri,F
2077,4,0,-0.6768976226449013,-0.22426448921831688,-1.227955765991845,0.18311550351514005,-0.5831708761079915,0.13464189767135765,Edinson Cavani,CF
2090,2,0,-0.3405819833278656,-0.14983268048437895,-1.0356474796899622,0.1449033051810471,-0.4338431586392313,0.13417779767047336,Hiroki Sakai,D
2094,2,0,-0.1939365193247795,0.009664875258251436,0.06891330883560234,0.135415737082113,-0.25574996942269,0.2750797199391929,Junya Ito,M
2095,6,0,-0.5217229910194874,-0.08456939687137817,-0.3869243002910586,0.21964989867919593,-0.5150831982826022,0.3459444045398459,Daichi Kamada,M
2099,9,1,-0.3530139811336994,0.04351829235953628,0.1752160094120645,0.23854121310231854,-0.42402248532100806,0.5110590700400807,Takuma Asano,F
2106,1,0,-0.05237828567624092,-0.0069235807199546535,-0.07197190975611685,0.10020655746291632,-0.20332843334727063,0.1894812719073613,Edson Alvarez,M
2108,3,1,0.6097801700234413,0.2501280651656588,1.3583191782742616,0.1843385619495832,-0.1111755162555243,0.6114316465868419,Uriel Antuna,RW
2111,7,1,0.44888082705438137,0.18720554964726613,0.7650754921152817,0.2435505594769069,-0.2901535469274714,0.6645646462220036,Hirving Lozano,F
2134,3,1,0.8211956545710564,0.2202888502790376,1.3441240977634599,0.16436043257491903,-0.10185759756780366,0.5424352981258789,Moises Caicedo,M
2144,1,0,-0.059956397861242294,0.013517095583270343,0.1362770188640373,0.10050052621454662,-0.18346393579724102,0.21049812696378173,Iliman Ndiaye,M
3299,1,0,-0.07791496068239212,-0.027445995865457297,-0.2596866630227888,0.10608422821955855,-0.23537108317579206,0.18047909144487748,César Montes,D
3301,2,0,-0.31001511961221695,-0.07342975009574204,-0.4809617558247537,0.15451211631080583,-0.37627349806492144,0.22941399787343736,Héctor Moreno,LCB
3303,1,0,-0.2674441635608673,-0.07644225434860563,-0.7011436268795614,0.10897333113617749,-0.2900299833755135,0.13714547467830224,Jesús Gallardo,LB
3314,1,0,-0.047455888241529465,0.006488106626984119,0.06824792064908067,0.0954070645578662,-0.18050973990643362,0.19348595316040187,Rogelio Funes Mori,CF
3315,1,0,-0.10029787570238113,-0.013252673314436903,-0.14626929824721713,0.09236413128747714,-0.19428637063789211,0.1677810240090183,Vincent Janssen,F
3316,1,0,-0.06042720377445221,0.009233886949884331,0.10374609779431526,0.08988402981901031,-0.16693881149537587,0.18540658539514454,Joel Campbell,F
3352,1,0,-0.047356016933918,-0.030905385755857898,-0.32379301829136575,0.09600925476120599,-0.21908352508782164,0.15727275357610582,Jorge Sánchez,D
3367,4,1,0.07875047624111176,0.19508287484315945,0.9247849788997828,0.21031232870135777,-0.21712928941150178,0.6072950390978207,Henry Martín,CF
3387,4,0,-0.7660031244158745,-0.2676698063076342,-1.397339465472542,0.19219016328075045,-0.6443625263379051,0.10902291372263667,Orbelín Pineda,F
3414,10,0,-0.7452585138380527,0.03087190498362304,0.10242731654888838,0.28549365897607476,-0.5286956666094835,0.5904394765767296,Alexis Vega,CF
3455,10,1,0.37807529233396053,0.17976637979843793,0.6460187614999414,0.2749111041985698,-0.3590593844307589,0.7185921440276347,Luis Chávez,M
3460,3,0,-0.1954527646303177,-0.03720737271352987,-0.2181087260988101,0.17183901747294195,-0.37401184696049605,0.2995971015334363,Romario Ibarra,LW
3519,3,0,-0.6376647129654884,-0.2701827027261274,-1.5327396372330624,0.17627557056850612,-0.6156828210403994,0.07531741558814464,Michael Estrada,F
3734,2,0,-0.47285979986190796,-0.10205064917611492,-0.64113339085826,0.15972057297986755,-0.4151029722166554,0.2110016738644255,Félix Torres,RCB
3848,1,0,-0.04873746261000633,-0.006196629341143875,-0.0665411517054133,0.10212403057670656,-0.20635972927148874,0.193966470589201,Abdou Diallo,D
3856,1,0,-0.04267135635018349,0.00963295051776266,0.09749173084488587,0.09944646038947301,-0.18528211184560442,0.20454801288112975,Leandro Paredes,M
3858,3,0,-0.41457919776439667,-0.09634680474930717,-0.5893922856269534,0.16415910081123036,-0.4180986423393187,0.22540503284070434,Idrissa Gueye,M
3865,10,0,-1.2559442184865475,-0.27257216278470636,-0.9452870932300885,0.2913210061511193,-0.8435613348409001,0.29841700927148745,Neymar,F
3867,1,0,-0.06119396537542343,-0.028110036070168806,-0.2533310940570593,0.11190103023063999,-0.24743605532222318,0.1912159831818856,Pablo Sarabia,F
3868,6,1,0.3558009844273329,0.12023362457986878,0.4730674470993226,0.25135976579030256,-0.3724315163691242,0.6128987655288618,Angel Di Maria,F
3870,30,6,2.25339993275702,0.5933613752154199,1.7900709189545927,0.32770853101296105,-0.04894734556998381,1.2356700960008236,Kylian Mbappé,F
3878,1,0,-0.17744988203048706,-0.0255607202475435,-0.2299483330916966,0.11042587411704015,-0.2419954335169422,0.1908739930218552,Axel Disasi,D
3880,2,1,0.7535817660391331,0.36551363310090706,2.2918684086425443,0.15949695419450263,0.05289960287968193,0.6781276633221323,Strahinja Pavlovic,D
3888,6,1,0.5562561545521021,0.2727745958358528,1.0879795041913278,0.2494268400697993,-0.2161020107009538,0.7616512023726594,Aurélien Tchouaméni,M
3890,4,0,-0.2201245203614235,-0.07138770382086168,-0.34415207010482785,0.2106016965190613,-0.48416702899822184,0.3413916213564985,Youssouf Fofana,M
3895,1,0,-0.056837085634469986,-0.010320672053413953,-0.10483119946642154,0.10002344317825579,-0.2063666206827953,0.1857252765759674,Ismail Jakobs,M
3903,2,0,-0.1172688640654087,-0.008297381705719312,-0.056953566108814996,0.14769530924410224,-0.29778018782415966,0.28118542441272104,Krepin Diatta,F
3924,5,0,-0.9523478411138058,-0.3637475668480725,-1.5965743852513528,0.22857409510896828,-0.8117527932616504,0.0842576595655053,Bruno Guimaraes,M
3930,4,1,0.6167740114033222,0.2943869969759385,1.523625148590636,0.1926521368653217,-0.08321119128009202,0.671985185231969,Lucas Paquetá,F
3934,2,0,-0.1961865872144699,-0.011992074117535903,-0.0860939264182986,0.13979553798329725,-0.2859913285647985,0.2620071803297267,Karl Toko Ekambi,F
3965,9,0,-1.1891210190951824,-0.24041006961640213,-0.9415333075378932,0.2560095859341801,-0.7421888580473951,0.2613687188145909,Jonathan David,F
3978,4,0,-0.16075871884822845,-0.02192738600592088,-0.1119027602736792,0.20952827988871922,-0.4326028145878105,0.3887480425759688,Pape Gueye,M
3989,2,0,-0.07234019227325916,-0.07104285896510457,-0.516403409649089,0.13863798078652217,-0.34277330130668804,0.20068758337647888,Nemanja Radonjic,F
3994,2,0,-0.10595174320042133,-0.038179851743512204,-0.24958030590495334,0.15245079942434978,-0.33698341861523773,0.26062371512821336,Arkadiusz Milik,F
3996,4,1,0.5473989434540272,0.26677521945956145,1.3517381089945073,0.19701724762577016,-0.11937858588694805,0.652929024806071,Bamba Dieng,F
4002,1,0,-0.22460630536079407,-0.03607874326719577,-0.3392817174481919,0.10626343165413668,-0.24435506930930365,0.17219758277491212,Nayef Aguerd,D
4020,1,0,-0.06262365728616714,0.003883431843663399,0.03253842140450251,0.11059704357863101,-0.21288677357045335,0.22065363725778017,Kamaldeen Sulemana,F
4053,3,0,-0.6984784305095673,-0.040192407079239025,-0.2555839719847946,0.1613132322457989,-0.3563663422810049,0.2759815281225268,Kasper Dolberg,F
4105,5,1,0.47419678047299385,0.17700062688208626,0.8228940062019806,0.21493557960522947,-0.24427310914416347,0.598274362908336,Wahbi Khazri,F
4142,2,0,-0.17091379687190056,9.196301272360866e-4,0.009022768816651252,0.15107263424823292,-0.2951827329993005,0.2970219932537726,Dylan Bronn,D
4152,4,0,-0.13458991795778275,-0.06984590632527088,-0.34542604332458265,0.20331479641676045,-0.46834290730212136,0.3286510946515796,Pape Sarr,M
4174,1,1,0.9284272864460945,0.32629114968946843,3.2416967387340754,0.10049428797018588,0.12932234526790412,0.5232599541110328,Jean-Charles Castelletto,D
4194,4,1,0.30162499845027924,0.17653015013164514,0.8206777739408765,0.21310432459314843,-0.2411543260709258,0.5942146263342161,Randal Kolo Muani,F
4207,1,0,-0.0763682872056961,-0.044341245017006786,-0.4067563625610497,0.10910665153725851,-0.25819028203003347,0.1695077919960199,Christopher Wooh,D
4280,1,0,-0.05191399157047272,0.0012100428136810424,0.009278037801416237,0.10736199825413631,-0.20921947376442612,0.2116395593917882,Ui-jo Hwang,F
4324,6,0,-0.3599478341639042,0.028973782537163054,0.11737964050913242,0.23245254784880562,-0.42663321124649595,0.484580776320822,Azzedine Ounahi,M
4404,2,0,-0.09986232593655586,-0.007353497758251443,-0.054617629942949136,0.13897972587616986,-0.27975376047554434,0.26504676495904145,Alidu Seidu,D
4408,1,0,-0.06087948754429817,0.02070623929579241,0.178998449836009,0.11567099690349104,-0.20600891463505003,0.24742139322663484,Salis Abdul Samed,M
4498,2,0,-0.4826919287443161,-0.0579346991502898,-0.3616205678511266,0.15988701924989734,-0.3713132568800886,0.25544385857950896,Amadou Onana,M
4566,2,0,-0.2002447135746479,-0.03013409885802467,-0.23652788120452303,0.12786819844212174,-0.2807557678045833,0.22048757008853395,Rubén Vargas,F
4590,1,0,-0.050626903772354126,-0.009823712761400863,-0.098038472643500435,0.10293489340106811,-0.21157610382749437,0.19192867830469262,Exequiel Palacios,M
4606,1,0,-0.14310835301876068,0.038277434853237584,0.355914397435926,0.10551657829870928,-0.16853505861223259,0.24508992831870777,Dayot Upamecano,D
4608,1,0,-0.15005089342594147,-0.011118346029226506,-0.10589479788246643,0.10657163746257582,-0.2199987554558751,0.19776206339742208,Niklas Süle,D
4611,3,1,0.6524221152067184,0.3117806722826909,1.7613730001696721,0.17703503881244165,-0.03520800378969474,0.6587693483550765,Alphonso Davies,D
4615,1,0,-0.04482752084732056,-0.001964986150793645,-0.020858029947930408,0.08715326321402934,-0.17278538205029118,0.16885540974870386,Josip Stanisic,D
4616,7,0,-0.5076361894607544,-0.018638317517006796,-0.08383883464715637,0.23742056593740057,-0.4839826267543119,0.44670599172029835,Joshua Kimmich,M
4618,4,0,-0.46045253053307533,-0.09153893062163582,-0.4711464685843668,0.19527308041711655,-0.4742741682391842,0.2911963069959126,Leon Goretzka,M
4621,12,0,-1.1560669727623463,-0.19315555718190963,-0.6529323431891064,0.2991683022159594,-0.7795254295251901,0.3932143151613708,Jamal Musiala,F
4622,1,0,-0.2084905207157135,-0.0448083054113127,-0.42048669192811816,0.10694851230093881,-0.25442738952115274,0.16481077869852737,Kingsley Coman,F
4623,14,1,0.012562638148665428,0.10251431778848581,0.31742830150199197,0.31243226088761783,-0.5098529135512451,0.7148815491282168,Serge Gnabry,F
4624,3,0,-0.6449496895074844,-0.2234087745647519,-1.2793924611988483,0.1753905696854524,-0.5671742911482386,0.12035674201873481,Thomas Müller,F
4625,8,1,-0.12655063346028328,0.0423874092422525,0.15030013490944247,0.27523586369077424,-0.4970748835916651,0.58184970207617,Robert Lewandowski,F
4626,4,1,0.44191600382328033,0.22521140947593873,1.1760290804629885,0.1905680791340208,-0.14830202562674202,0.5987248445786195,Eric Maxim Choupo-Moting,F
4661,3,1,0.6746731139719486,0.23111461551398335,1.1625292021407634,0.19904764838136593,-0.15901877531349387,0.6212480063414606,Manuel Akanji,D
4666,3,1,0.7611730080097914,0.2275265204705216,1.4195287268193648,0.1593581119550406,-0.08481537896135796,0.5398684199024012,Raphaël Guerreiro,D
4669,2,0,-0.10153132304549217,0.006657546512975572,0.04298084065416645,0.14579709168434876,-0.279104753188348,0.2924198462142991,Thomas Meunier,D
4674,1,0,-0.0588093027472496,0.006304522299697662,0.057205500756773726,0.10604471466563915,-0.20154311844495507,0.2141521630443504,Axel Witsel,M
4677,3,1,0.6820261403918266,0.25487684532186944,1.4655932442191422,0.1737818574617289,-0.0857355953031192,0.5954892859468581,Jude Bellingham,M
4681,2,0,-0.11860575526952744,-0.02340217559082893,-0.1825674658725543,0.13074119225205513,-0.27965491240485696,0.2328505612231991,Giovanni Reyna,F
4695,1,0,-0.16649800539016724,-0.0014779416282438972,-0.01349812685664359,0.11330029538309246,-0.2235465205791051,0.22059063732261733,Nico Elvedi,D
4703,1,0,-0.09834667295217514,0.005362486512975564,0.06666469257104844,0.07924986492622617,-0.14996724874242773,0.16069222176837883,Denis Zakaria,M
4712,1,0,-0.05874146893620491,-0.01969869783887628,-0.20945122028000016,0.09589799863452077,-0.207658775162537,0.16826137948478442,Marcus Thuram,F
4713,1,0,-0.2570631802082062,-0.09981048082829434,-0.9935191225812382,0.10069322975811168,-0.29716921115419326,0.09754824949760456,Jonas Hofmann,F
4717,7,2,0.6703983321785927,0.13860901109032517,0.5201482107133097,0.26236663311844355,-0.37562958982182415,0.6528476120024745,Breel Embolo,F
4732,2,0,-0.16924410313367844,-0.012012534988032255,-0.08771153804044862,0.1465583973505183,-0.29926699379504806,0.2752419238189836,Djibril Sow,M
4734,2,0,-0.07566031813621521,-0.026816478254830228,-0.18853938355778568,0.1427768177866881,-0.3066590411167389,0.2530260846070784,Filip Kostic,M
4737,3,0,-0.3220701776444912,-0.05596572820987659,-0.33245811007743004,0.17074141327342165,-0.39061889822578305,0.27868744180602983,Jesper Lindström,F
4739,1,0,-0.05316692218184471,0.0028773335374149655,0.027984098115426934,0.10530855953953783,-0.20352744316007917,0.20928211023490909,Ajdin Hrustic,F
4758,2,0,-0.0856478326022625,0.01898531027084908,0.1296088539512644,0.13950810886883683,-0.2544505831120711,0.2924212036537693,Ellyes Skhiri,M
4795,1,0,-0.070320263504982,0.014799442484882854,0.14156967272151372,0.1039303897984826,-0.18890412152014305,0.21850300648990875,Woo-yeong Jeong,F
4851,1,0,-0.20334257185459137,0.001202643618039824,0.011194553600838876,0.10295495165669001,-0.2005890616290726,0.20299434886515225,Krzysztof Piatek,F
4883,10,3,1.5097604393959045,0.7197528737093728,2.427709274331856,0.29534997599116364,0.14086692076669205,1.2986388266520534,Andrej Kramaric,F
4892,3,1,0.7373264320194721,0.2296211518638197,1.3814916712915861,0.16592805149723838,-0.09559782907076753,0.5548401327984069,Josko Gvardiol,D
4908,14,1,-0.1939140073955059,0.05442401563303122,0.1710615579156824,0.3057887536540245,-0.5449219415288569,0.6537699727949193,Dani Olmo,F
4915,5,1,0.7896628100425005,0.17927758092466606,0.8592232805865404,0.20767986472743857,-0.22777495394111352,0.5863301157904457,Hee-chan Hwang,F
4926,2,0,-0.08987581729888916,-0.0022944189795918355,-0.021867712815785194,0.1454529646537653,-0.2873822297009718,0.2827933917417882,Borna Sosa,D
4928,5,0,-0.33906272798776627,-0.01458681042642982,-0.07609656697141573,0.21538682986300342,-0.4367449969579165,0.40757137610505684,Wataru Endo,M
5009,2,2,1.7150184959173203,0.5210981655026455,3.825081574284342,0.13611335291798887,0.2543159937833874,0.7878803372219036,Wout Weghorst,F
5029,1,0,-0.07925117760896683,-0.03831455819412953,-0.36456414470041343,0.10512920371994117,-0.2443677974852142,0.16773868109695517,Silvan Widmer,D
5035,1,0,-0.04571741446852684,-0.0022557122933988434,-0.02380693066721677,0.10708226411386448,-0.21213694995657323,0.20762552536977552,Edimilson Fernandes,M
5038,1,0,-0.028214260935783386,-0.095029016037415,-0.879682702329153,0.10781067053743668,-0.30633793029079087,0.1162798982159609,Jae-sung Lee,F
5063,1,0,-0.03949837014079094,0.015698890159360043,0.1631399592336773,0.09610761372309501,-0.17267203273790616,0.20406981305662625,Mathias Jensen,M
5070,2,0,-0.5437763631343842,-0.13577607143990936,-1.0094295518544658,0.13445766290886518,-0.39931309074128507,0.12776094786146638,Saman Ghoddos,F
5074,2,0,-0.20209065079689026,-0.049646050756487814,-0.3118661481275638,0.16054724263701714,-0.3643186463250414,0.2650265448120658,Bryan Mbeumo,F
5097,2,0,-0.3374323844909668,0.008215296692491785,0.0479451282309915,0.14887691636348271,-0.28358345937993434,0.3000140527649179,Ibrahima Konaté,D
5098,3,0,-0.33075227588415146,-0.03646301303287985,-0.23040433207143945,0.16049235925471933,-0.3510280371721297,0.27810201110637,Ko Itakura,D
5135,4,0,-0.46736982464790344,-0.20913620126228277,-1.0598890940853056,0.19786500542130353,-0.5969516118880377,0.17867920936347215,Josh Sargent,F
5139,4,0,-1.1351753622293472,-0.4138645188542453,-1.8914369379194507,0.21947236871996537,-0.8440303615453775,0.016301323836886816,Romelu Lukaku,F
5178,3,1,0.6011939011514187,0.1941108501070797,1.0572117465042585,0.18301752580931643,-0.16460350047918051,0.55282520069334,Osman Bukari,F
5968,3,1,0.6839781142771244,0.29501603228395046,1.567169406790053,0.18794059427363782,-0.07334753249237969,0.6633795970602806,Lovro Majer,M
6019,5,0,-0.31981146708130836,-0.03696036488725117,-0.17177554686864663,0.21582311311733,-0.45997366659721795,0.3860529368227156,Nikola Vlasic,M
6020,14,1,-1.3949205167591572,-0.3566624622217069,-1.0765103490313945,0.33457782034539796,-1.0124349900986869,0.29911006565527315,Cristiano Ronaldo,F
6596,2,0,-0.20046968758106232,-0.043158335743890136,-0.28416512826283247,0.1492409185655802,-0.33567053613242737,0.24935386464464707,Jeremy Sarmiento,F
6655,2,0,-0.1192115992307663,8.733682596372028e-4,0.0060296261278662226,0.1294333299113535,-0.2528159583666157,0.25456269488589006,Nicolas N'Koulou,D
6895,8,0,-0.6598320156335831,-0.06772799528722606,-0.2712053446409454,0.25684885262786833,-0.5711517464378479,0.4356957558633958,Rodrigo de Paul,M
6916,4,0,-0.1547614447772503,0.04123689047241116,0.200236934057663,0.20232473384162128,-0.35531958785716655,0.4377933688019888,Junior Hoilett,F
6935,2,0,-0.126419048756361,-0.007031745203451742,-0.049212330583700524,0.13932807979560974,-0.2801147816028468,0.26605129119594334,Joe Allen,M
6967,3,0,-0.14556557685136795,0.021956343471907277,0.1295043713534598,0.16879119775792073,-0.30887440413361733,0.3527870910774319,Riley McGree,M
7008,2,0,-0.13434022665023804,0.002080167871630129,0.010665755512421183,0.14705874436567368,-0.2861549710850903,0.29031530682835055,Brennan Johnson,M
7192,2,0,-0.30826614797115326,-0.09984877890812885,-0.6815979435660067,0.14644946006608778,-0.3868897206376609,0.1871921628214032,Antoine Semenyo,F
7419,2,0,-0.09865695983171463,-0.006684359991181644,-0.04180779915450052,0.15272626818234922,-0.30602784562858615,0.2926591256462228,Krystian Bielik,M
7441,5,0,-0.7680226676166058,-0.10824673637503146,-0.4943425464354777,0.2170890332373161,-0.533741241520171,0.3172477687701081,Sardar Azmoun,F
7443,4,0,-0.15149589255452156,-0.03249359129692615,-0.16625522884716276,0.1970384968108472,-0.41868904504618665,0.35370186245233437,Christian Eriksen,M
7584,3,0,-0.24481591396033764,-0.1725779777399849,-1.0649730488300504,0.16218245206245546,-0.4904555837823976,0.14529962830242782,Rodrigo Bentancur,M
7605,1,0,-0.037876106798648834,-0.059768654950869256,-0.5582157679054411,0.1075349250626869,-0.2705371080737356,0.15099979817199707,Olivier Ntcham,M
7649,4,0,-0.1836903654038906,-0.02022564316704458,-0.11707111032211015,0.18056047906639708,-0.37412418213718285,0.3336728958030937,Mohamed Drager,D
7955,1,0,-0.033721502870321274,-0.009495664358780536,-0.10078112971635922,0.09668063948558184,-0.19898971775052093,0.17999838903295984,Rubin Colwill,M
7966,6,0,-1.2541645020246506,-0.33477924475497617,-1.4706929024258582,0.22871451053578754,-0.7830596854051197,0.11350119589516738,Kieffer Moore,F
7988,7,1,0.17953599616885185,-0.008282937546611068,-0.0425955816568922,0.23979081661736498,-0.47827293811664645,0.4617070630234243,Boulaye Dia,F
8008,6,3,1.6445657685399055,0.50040251542832,2.126831861257085,0.23410577893942908,0.04155518870703906,0.959249842149601,Goncalo Ramos,F
8009,3,0,-0.2522173300385475,-0.1300029507325523,-0.7469058634769876,0.17333477453347867,-0.4697391088181705,0.2097332073530659,Darwin Nunez,F
8011,1,0,-0.2836996018886566,-0.037130374284454565,-0.38006017450475993,0.09726978816380931,-0.2277791590855208,0.15351841051661166,Haris Seferovic,F
8023,1,0,-0.2310669869184494,-0.042947249408541124,-0.4150192423667442,0.10396026711201477,-0.2467093729480901,0.1608148741310078,Lisandro Martinez,D
8025,3,0,-0.546539094299078,-0.12303264393927947,-0.6928869364244026,0.17854254082567772,-0.4729760239576078,0.22691073607904882,Nicolas Tagliafico,D
8026,5,1,0.5819301567971706,0.2533867803602923,1.2865834084156744,0.19528325943030433,-0.12936840812310424,0.6361419688436888,Daley Blind,D
8027,4,0,-0.2600004989653826,-0.14252236017493528,-0.7340833973457518,0.1941220047002656,-0.5230014893874558,0.2379567690375853,Noussair Mazraoui,D
8031,8,2,1.0445051342248917,0.37215314315066783,1.7050372575938952,0.21763365431608864,-0.054408819308865874,0.7987151056102015,Mohammed Kudus,M
8033,2,1,0.632343478500843,0.1559849468764173,1.0759057261931047,0.1443908281827386,-0.12702107636175033,0.438990970114585,Davy Klaassen,M
8034,6,1,0.3561408817768097,0.17487448630448474,0.7997398965206568,0.21913340898659123,-0.25462699530923405,0.6043759679182036,Steven Berghuis,M
8037,2,0,-0.2639220803976059,-0.10138791095616023,-0.6980316577716309,0.14554830007025657,-0.3866625790938631,0.18388675718154263,Dusan Tadić,F
8039,6,0,-0.32212866097688675,-0.016007538373015853,-0.07335677730926692,0.22482455553811867,-0.4566636672277284,0.42464859048169673,Antony,F
8050,1,0,-0.02656303159892559,-0.005055548168934245,-0.04904877771852501,0.10413578790662119,-0.20916169246591176,0.19905059612804327,Alex Sandro,D
8054,7,1,0.11452487483620644,0.14218470610922163,0.5867690703349255,0.23944478782146902,-0.32712707802085766,0.611496490239301,Adrien Rabiot,M
8059,2,1,0.6827443689107895,0.1890008175497606,1.3929224921575247,0.1357637901256781,-0.07709621109656845,0.4550978461960897,Dušan Vlahović,F
8062,1,0,-0.09440120309591293,-0.012705958095867971,-0.1266149624689037,0.09952117361243813,-0.20776745837624672,0.18235554218451078,Aaron Ramsey,M
8071,1,0,-0.0799480751156807,-0.0542276054270597,-0.495113249835024,0.10943659222499431,-0.26872332618804856,0.16026811533392915,Sebastian Coates,D
8077,1,0,-0.04635418951511383,-0.0027364747568657073,-0.02640245279660135,0.10035254061482299,-0.19942745436191875,0.19395450484818735,Joao Palhinha,M
8079,1,0,-0.034878093749284744,0.015987151259763164,0.15136033066955323,0.10243272074360343,-0.18478098139769958,0.2167552839172259,Matheus Nunes,M
8113,2,0,-0.1854480877518654,-0.04394010234441923,-0.353224402963427,0.12411600016921147,-0.2872074626760737,0.19932725798723525,Noah Okafor,F
8129,3,0,-0.20279523357748985,0.012169776888384989,0.07060326650229408,0.16027585468081276,-0.30197089828600804,0.32631045206277803,Marcelo Brozovic,M
8133,1,0,-0.15148277580738068,-0.0011648913876291245,-0.012808469211036535,0.09702447578645468,-0.19133286392908028,0.18900308115382203,Matias Vecino,M
8134,1,1,0.9779304545372725,0.2985090437925168,2.973655518857508,0.10035299833093089,0.10181716706389227,0.49520092052114134,Denzel Dumfries,M
8136,18,1,-0.5745677500963211,0.02941433658615645,0.07584957703126105,0.3199365758528537,-0.5976613520854368,0.6564900252577497,Ivan Perisic,M
8138,15,2,-0.6955592855811119,-0.13267119240236827,-0.432163912241717,0.31537697026137995,-0.7508100541146729,0.48546766930993646,Lautaro Martinez,F
8257,1,0,-0.15221071243286133,-0.014882142539052678,-0.14719013093449035,0.10223825236903884,-0.2152691171823688,0.18550483210426344,Harry Souttar,D
8324,3,0,-0.4520460218191147,-0.0934475522014362,-0.5505463068724877,0.17242288512377416,-0.43139640704403354,0.24450130264116116,Joakim Maehle,D
8326,2,0,-0.11639178916811943,0.00724842317145377,0.05405739487703328,0.12720410094552526,-0.24207161468177574,0.2565684610246833,Teun Koopmeiners,M
8328,3,1,0.14833030104637146,0.01901071977513241,0.10691543382642084,0.17370043480222291,-0.32144213243722447,0.3594635719874893,Remo Freuler,M
8330,3,0,-0.6510496288537979,-0.14763908051461333,-0.8622934607450738,0.17175348840170265,-0.4842759177819505,0.18899775675272384,Mario Pasalic,M
8341,2,1,0.5562769919633865,0.17345116672272629,1.2370997731934426,0.14035347422809735,-0.10164164276434454,0.44854397620979714,Gavi,M
8342,11,1,-0.5856168940663338,-0.18336244220836476,-0.7281850854221197,0.2564528605993585,-0.6860100489831074,0.3192851645663779,Memphis Depay,F
8343,5,0,-0.2565656118094921,-0.005658571240866734,-0.03337005533714754,0.2144267029702096,-0.42593490906247755,0.4146177665807441,Sergiño Dest,D
8344,1,0,-0.11505801975727081,-0.013767555629881578,-0.13496828369697744,0.10178590119308717,-0.2132679219683324,0.18573281070856926,Alex Balde,D
8400,1,0,-0.08885941654443741,-0.07605428970206601,-0.701059134700026,0.10854264531035686,-0.2887978745103654,0.13668929510623343,Christian Fassnacht,M
8419,1,0,-0.10813803225755692,0.015335735452884861,0.14690103433346124,0.10477727416401603,-0.19002772190858655,0.22069919281435627,Gonzalo Montiel,D
8420,2,0,-0.07454188540577888,0.03741146290501385,0.26613800370569773,0.1390861830849677,-0.23519745594152286,0.31002038175155056,Papu Gómez,M
8551,3,0,-0.1697455756366253,-0.04269486241244643,-0.2598211020670729,0.16419714216552597,-0.3645212610568773,0.2791315362319845,Stephen Eustaquio,M
8555,3,0,-0.27461621910333633,-0.07246195080813812,-0.4782471894183357,0.15248280164895267,-0.37132824204008535,0.22640434042380914,Otavio,M
8561,4,1,0.5022550672292709,0.18274161579113132,0.8928942439275291,0.2030388599772184,-0.21521454976421675,0.5806977813464794,Mehdi Taremi,F
8564,2,1,0.8890409842133522,0.3176950016276141,2.202635988539742,0.14421676336351588,0.035030145435123006,0.6003598578201053,Pepe,D
8583,5,1,0.26348644122481346,0.10735688395880572,0.49988187426601777,0.21060194562071918,-0.30542292945780386,0.5201366973754153,Theo Hernandez,D
8593,5,2,1.4651931449770927,0.7461437589649901,3.397598443158024,0.21900249945902214,0.3168988600253067,1.1753886579046735,Rafael Leao,F
8627,2,0,-0.49169689416885376,-0.08184067323822122,-0.6160412545708356,0.13323730249711613,-0.3429857861325688,0.17930443965612639,Atiba Hutchinson,M
8631,1,0,-0.052542977035045624,-0.057520618884479714,-0.5237816362831947,0.11081254025571076,-0.2747131977856728,0.15967196001671338,Georges-Kevin N'Koudou,F
8854,3,0,-0.5547449290752411,-0.1321282540822626,-0.8642706190893592,0.1521299238107448,-0.4303029047513224,0.1660463965867972,Jackson Irvine,M
8927,1,1,0.6255373358726501,0.2542479522417486,1.996666155872182,0.12723210040259514,0.0048730354526621555,0.5036228690308351,Ao Tanaka,M
9089,6,1,0.5200317539274693,0.25842058425610975,1.2229884871524086,0.2098815887380531,-0.1529473296704743,0.6697884981826938,Andreas Skov Olsen,M
9094,2,0,-0.5324382483959198,-0.07773227102166798,-0.5662791514737421,0.13666791800190825,-0.34560139030540815,0.19013684826207222,Cyle Larin,F
9178,3,0,-0.1800318919122219,-0.020742253204837493,-0.12155049377580905,0.1803538015882597,-0.3742357043178265,0.33275119790815155,Marcos Acuña,D
9330,3,0,-0.15455271676182747,-0.0764812131254724,-0.48555074241462104,0.15857789434025546,-0.3872938860323731,0.23433145978142828,Dani Alves,RB
9820,1,1,0.6999779641628265,0.21009233890652565,1.9276387844876144,0.10893004419667077,-0.003410547718949053,0.42359522553200035,Achraf Dari,D
9824,1,0,-0.05265023186802864,-0.0437706388359789,-0.407033183266453,0.10735053320185692,-0.25417768391161843,0.16663640623966067,Montassar Talbi,D
9837,1,0,-0.20193123817443848,-0.07732459592088688,-0.8119638912883144,0.09532326092574123,-0.2641581873353397,0.10950899549356592,Jackson Porozo,D
9865,4,1,0.5951625779271126,0.3159679599949611,1.5398254892044942,0.20439680128941592,-0.08464977053229411,0.7165856905222163,Zakaria Aboukhlal,F
9918,1,0,-0.26113182306289673,-0.03125560196586048,-0.3336129795273174,0.09514221558455062,-0.2177343445115797,0.1552231405798587,Mario Götze,M
9939,4,0,-0.5142314359545708,-0.08626709488410182,-0.4551665068299574,0.1906246017760183,-0.4598913143650977,0.28735712459689405,Jakub Kaminski,F
9963,8,2,0.36358432471752167,0.22848407721466407,0.8676625977703967,0.26101571119035516,-0.28310671671843207,0.7400748711477603,Niclas Fullkrug,F
9981,4,2,1.539004884660244,0.53639924740614775,2.9305081882368844,0.18296755847317067,0.17778283279873325,0.8950156620135623,Ritsu Doan,F
9993,2,1,0.704961970448494,0.28207947708994713,1.9929551774142318,0.14133324513110826,0.005066316632974965,0.5590926375469193,Kalidou Koulibaly,D
10704,1,0,-0.08793313801288605,0.025298660927815568,0.22704200596037274,0.11039697333510559,-0.19107940680899138,0.24167672866462253,Kaoru Mitoma,LW
10715,14,4,1.0049749165773392,0.3702959647751321,1.2585096466375723,0.2923228999542806,-0.2026569191352579,0.9432488486855222,Julian Alvarez,CF
11094,7,3,1.6971557289361954,0.5175263210027715,2.3433305401593447,0.2202985918419465,0.0857410809925564,0.9493115610129866,Cody Gakpo,F
11488,3,1,0.5546414628624916,0.16247791306122467,1.0345308838040461,0.15656099369098792,-0.14438163457311165,0.469337460695561,Ricardo Horta,F
11841,3,0,-0.18341634795069695,-0.05417259055240616,-0.361692245541065,0.14958190898604512,-0.3473531321650546,0.23900795106024228,Hidemasa Morita,M
11854,2,0,-0.12298067659139633,-0.03476525952947843,-0.24513123023593617,0.14250734948334304,-0.3140796645168308,0.2445491454578739,Alexander Bah,D
11856,6,1,0.6216272190213203,0.22622185304232814,1.0640421234523492,0.21102855570851495,-0.18739411614636117,0.6398378222310175,Enzo Fernandez,M
11960,8,3,1.391467735171318,0.6006310755801215,2.3760961005458663,0.25194232817357004,0.10682411235992423,1.0944380388003188,Enner Valencia,F
11994,3,0,-0.3723565340042114,-0.08046770914021166,-0.4834991340903856,0.16743596259233237,-0.4086421958211831,0.24770677754075976,Dries Mertens,F
12022,5,0,-0.6451184190809727,-0.14639783447782811,-0.6513850572230242,0.22785811247426216,-0.5929997349273819,0.3002040659717257,Andreas Cornelius,F
12154,3,1,0.4207009878009558,0.12832327214474684,0.7553399875791635,0.16897273227788606,-0.20286328311990984,0.4595098274094035,Famara Diedhiou,F
12183,7,1,-0.3468373641371727,0.09517419079617041,0.40717717198628456,0.23427654265050418,-0.36400783279881777,0.5543562143911586,Haji Wright,F
12502,2,0,-0.32065117359161377,-0.09349871216868234,-0.6470078093906443,0.14482531047397762,-0.37735632069767844,0.19035889636031378,Min Jae Kim,D
12514,3,1,0.45234905183315277,0.2760072429365079,1.5536743659484695,0.17743583322752007,-0.07176699018943145,0.6237814760624473,Piotr Zielinski,M
12561,5,1,0.48465580120682716,0.20588894819853884,0.9976983166635646,0.20611061564495492,-0.19808785846557278,0.6098657548626505,Sergej Milinković-Savić,M
12576,3,0,-0.3487798124551773,-0.06740693679075334,-0.3777289251497315,0.18115613073201475,-0.42247295302550225,0.2876590794439956,Nikola Milenkovic,D
12586,1,0,-0.05366239696741104,0.014366444349332328,0.13413652188367053,0.10473286054652352,-0.19090996232185378,0.21964285102051842,Sofyan Amrabat,M
12640,1,0,-0.1038828045129776,0.013664351965230546,0.13437894051241075,0.101828375932896,-0.1859192648632456,0.2132479687937067,Martin Hongla,M
12643,1,0,-0.07047439366579056,-0.0315060392750063,-0.27749400872995694,0.11387422916324662,-0.2546995284349697,0.19168744988495706,Darko Lazović,M
12664,1,0,-0.06585603207349777,-0.015923481817838248,-0.14623787186585638,0.11004120288867594,-0.2316042394796431,0.19975727584396658,Saša Lukić,M
12777,3,0,-0.3493747413158417,-0.10773042638447967,-0.6456983272254564,0.16762733835479704,-0.43628000955988183,0.2208191567909225,Abdelhamid Sabiri,M
12820,2,0,-0.30554089695215225,-0.06094924633093976,-0.4117373734228704,0.14815004676056143,-0.35132333798164017,0.22942484531976062,Jakub Kiwior,M
12945,3,0,-0.8176832869648933,-0.2736318760197783,-1.382225466283681,0.1983156179783887,-0.6623304872574202,0.11506673521786359,Bremer,D
13021,1,0,-0.0616677962243557,-0.01718036349017384,-0.1880248761027637,0.09465172591385744,-0.20269774628133444,0.16833701930098674,Abde Ezzalzouli,F
13032,1,0,-0.023031683638691902,-0.07841205735701688,-0.775975114754637,0.10143521535579994,-0.27722507945438474,0.12040096474035099,Pathe Ciss,M
13044,2,0,-0.17231742292642593,-0.012277350285966228,-0.08631679844284242,0.14656876878009767,-0.29955213709495765,0.2749974365230252,Jawad El Yamiq,D
13049,2,0,-0.28399381041526794,-0.032655212891786335,-0.23939451300050843,0.13768249767494403,-0.30251290833467664,0.23720248255110396,Gonzalo Plata,F
13121,4,0,-0.4180848225951195,-0.07395988816137565,-0.3899994214540964,0.19209483307808164,-0.45046576099441565,0.3025459846716643,Yunus Musah,M
13178,1,0,-0.12662434577941895,-0.03865718370307382,-0.3921186302753444,0.09918936928585258,-0.23306834750334487,0.1557539800971972,Nico Williams,F
13222,2,1,0.7459845989942551,0.14572243447656855,1.0445770004136168,0.13935181988265466,-0.12740713249343458,0.41885200144657164,Nahuel Molina,D
13228,3,0,-0.16031216084957123,-0.016493479407281426,-0.1046389775356394,0.16656448284033287,-0.34295986577433385,0.30997290695977103,Youssouf Sabaly,D
13563,1,0,-0.07434684783220291,-0.011572359418619303,-0.12348892303630468,0.09444747824243939,-0.1966894167738005,0.17354469793656188,Jewison Bennette,LW
13779,1,0,-0.20075486600399017,-0.07262928801713278,-0.7409576678143954,0.09796253891989662,-0.26463586430013014,0.11937728826586458,Juan Pablo Vargas,LCB
13780,3,1,0.5742228999733925,0.2583736563340894,1.6229561604077405,0.15883018220098213,-0.05293350077983561,0.5696808134480144,Keysher Fuller,D
13785,1,0,-0.11304992437362671,-0.006664189293902743,-0.07404744627731971,0.08894510159017009,-0.18099658841063612,0.16766820982283062,Gerson Torres,M
13788,2,1,0.4898773580789566,0.28475394923784353,1.9600848308649048,0.14485247882826405,8.430907344459948e-4,0.5686648077412411,Yeltsin Tejeda,M
13797,2,0,-0.43114835023880005,-0.1156106314065256,-0.892536456683147,0.12940372935480007,-0.36924194094193374,0.13802067812888252,Shogo Taniguchi,D
13801,3,0,-0.11384439840912819,-0.07391725493323259,-0.44469662822867134,0.16700546222225138,-0.4012479608888453,0.2534134510223801,Yuki Soma,F
13802,3,2,1.1328646540641785,0.41284764220584563,2.455651879597746,0.16767473398126087,0.08420516360257435,0.7414901208091169,Daizen Maeda,F
13813,3,0,-0.1511230506002903,-0.10602857680272108,-0.6356063462591375,0.16857021055802712,-0.43642618949645423,0.22436903589101204,Fran Karacic,D
13815,1,1,0.8591898679733276,0.3206723108723859,3.0900693681690536,0.1036398546371147,0.11753819578364111,0.5238064259611307,Mathew Leckie,F
13817,1,0,-0.16674965620040894,0.0022099167315444766,0.01939462449485703,0.10233861679362118,-0.19837377218395302,0.20279360564704196,Jamie Maclaren,F
13819,7,1,-0.11979642882943153,0.0998466555744522,0.42465934087673457,0.23008655797101263,-0.35112299804873254,0.5508163091976369,Mitchell Duke,F
13820,2,0,-0.10502786561846733,-0.01095560374716552,-0.08108026874999524,0.14382322094172595,-0.2928491167929484,0.27093790929861733,Aziz Behich,D
13821,1,0,-0.09800519794225693,-0.022611468266565876,-0.232318661364256,0.09686528345746236,-0.2124674238431921,0.16724448731006034,Keanu Baccus,M
13823,2,1,0.7388049438595772,0.31012705926681783,1.9780280172736164,0.15649253802130744,0.0034016847450552556,0.6168524337885803,Craig Goodwin,F
13825,1,0,-0.2605563998222351,-0.07602946540375413,-0.8010051028253853,0.09504235402377628,-0.2623124792903556,0.11025354848284738,Garang Kuol,F
13830,2,0,-0.3795832544565201,-0.03435956589317208,-0.23920525216230223,0.14477747507041197,-0.3181234170311795,0.24940428524483538,Pedro,F
13848,3,0,-0.46492230892181396,-0.06567360134857643,-0.42792152207541684,0.15398383531784693,-0.3674819185715564,0.23613471587440354,Kamil Glik,D
13850,2,0,-0.3173946440219879,-0.03393078006550769,-0.24233542775561126,0.13852733496802883,-0.3054443566028442,0.23758279647182878,Grzegorz Krychowiak,M
13851,1,0,-0.04123307392001152,-0.04363788965419502,-0.3928682076705987,0.1112673017317611,-0.2617218010484468,0.17444602174005672,Michal Skoras,F
13857,1,0,-0.07160213589668274,0.011309289740488764,0.0995376353555818,0.11281546130727764,-0.2098090144217754,0.23242759390275292,Borna Barisic,D
13858,1,0,-0.08008717000484467,0.0018057651795162376,0.011903133273249362,0.09303537012084118,-0.18054356025733245,0.18415509061636495,Josip Juranovic,D
13859,9,1,0.3921561948955059,0.24284925226316428,0.9748581284871829,0.24648389249918043,-0.24025917703522937,0.7259576815615579,Mislav Orsic,F
13860,6,1,-0.16454559937119484,0.14975094987780307,0.7124487638150585,0.2094374651779338,-0.2607464818709472,0.5602483816265533,Marko Livaja,F
13864,2,0,-0.17818466573953629,-0.0651866307268833,-0.42479272828242537,0.1548869573514666,-0.36876506713575785,0.23839180568199125,Yahia Attiat-Allah,D
13866,2,0,-0.33804309368133545,-0.08731726056122453,-0.6659356343300328,0.13158309721655953,-0.34522013110568117,0.17058560998323213,Selim Amallah,M
13869,3,0,-0.65691739320755,-0.12912346131078353,-0.8865648376601507,0.14534853451190857,-0.41400658895412434,0.15575966633255725,Walid Cheddira,F
13870,2,0,-0.405366025865078,-0.13737804562421266,-1.0372868607859271,0.1324325765064158,-0.3969458955767876,0.12218980432836227,Abderrazak Hamdallah,F
13872,1,0,-0.06451313942670822,-0.008637296335978829,-0.08120244478317751,0.10208822221909476,-0.20873021188540455,0.19145561921344692,Collins Fai,D
13873,5,0,-0.3631121627986431,-0.030834655368480738,-0.16580914883262762,0.19922887584402182,-0.4213232520227635,0.359653941285802,Pierre Kunde,M
13875,6,2,1.156753744930029,0.35905110912194493,1.680452662456951,0.2138764227240606,-0.060146679417213855,0.7782488976611037,Vincent Aboubakar,F
13904,1,0,-0.04622694477438927,-0.037866192916351744,-0.3155168962585884,0.11909515693999666,-0.2712927005187452,0.1955603146860417,Filip Mladenovic,M
13906,1,0,-0.05422576144337654,0.002287464464600647,0.020857784984461784,0.10660876086467037,-0.20666570683015328,0.2112406357593546,Andrija Zivkovic,F
13910,1,0,-0.10706596076488495,0.0036964126102292908,0.03780700754553811,0.0973272225139175,-0.187064943517049,0.19445776873750759,Kyung-won Kwon,D
13911,1,1,0.693681389093399,0.30714133327286475,2.5527752245852002,0.12028861570955542,0.07137564648213612,0.5429070200635934,Young-gwon Kim,D
13912,5,1,0.07507957518100739,0.15510529270219223,0.7438457939692331,0.20718332549229468,-0.2509740252627053,0.5611846106670898,Jin-su Kim,D
13917,1,0,-0.10689076781272888,0.00549589319223987,0.045283639300151834,0.11634245737288972,-0.22253532325862396,0.2335271096431037,Chang-hoon Kwon,F
13918,1,0,-0.2092704027891159,-0.06445682841962715,-0.5847474006730732,0.11094788018336432,-0.2819146735790212,0.1530010167397669,Sang-ho Na,F
13919,2,1,0.9026017785072327,0.31172555084467113,2.2587410316961427,0.1380160966397248,0.0412140014308105,0.5822371002585318,Seung-ho Paik,M
13922,1,0,-0.2640824615955353,-0.06881476019463337,-0.5968710583436335,0.11556418564696663,-0.295320564062688,0.15769104367342124,Woo-young Jung,M
13923,10,2,-0.5146717503666878,0.0895833604772564,0.37636747779959456,0.2331725982013749,-0.3674349319974384,0.5466016529519512,Gue-sung Cho,F
13926,1,0,-0.22238600254058838,-0.09080214709057703,-0.879549419905968,0.10357113358427603,-0.29380156891575804,0.11219727473460399,Diego Godin,D
13929,1,0,-0.11883987486362457,-0.053566750107079904,-0.523349821867868,0.1021169883717272,-0.2537160473156652,0.1465825471015054,Nicolas De La Cruz,M
13930,3,2,1.5126849263906479,0.3450534184448226,2.401394169496794,0.14357528754411078,0.06364585485836549,0.6264609820312798,Giorgian De Arrascaeta,M
13937,4,0,-0.24824807420372963,0.0176697463995969,0.0954032388433245,0.1754877346920747,-0.32628621359686955,0.36162570639606334,Angelo Preciado,D
13940,1,0,-0.15972420573234558,-0.05013315423028476,-0.47122787285771417,0.10760415127979345,-0.26103729073867993,0.16077098227811037,Kevin Rodriguez,F
13944,7,0,-0.5579970367252827,-0.023878856756109883,-0.11079226318202846,0.22390205093969984,-0.46272687659792155,0.41496916308570175,Abdelkarim Hassan,D
13946,3,0,-0.3136541284620762,-0.05093681273872515,-0.30550287938948295,0.16827069965351818,-0.3807473840596208,0.2788737585821705,Pedro Miguel,D
13947,2,0,-0.4108046665787697,-0.10537247667611499,-0.7158914418769396,0.14742815056073424,-0.3943316517751541,0.18358669842292413,Ismaeel Mohammed,F
13954,1,0,-0.060732126235961914,0.010858406367472916,0.10937077874147036,0.09778577086251453,-0.18080170452305555,0.2025185172580014,Abdulaziz Hatem,M
13960,1,0,-0.04592876136302948,2.860726593600536e-4,0.004413993792591932,0.11347371530760515,-0.22212240934354602,0.22269455466226615,Hasan Al-Haydos,F
13961,2,0,-0.12348577752709389,-0.009871289677500625,-0.07205600788140377,0.1441822791413501,-0.2924685567945468,0.2727259774395456,Akram Afif,F
13962,3,0,-0.6327834129333496,-0.2325471258834948,-1.3985973215656136,0.16618406385869752,-0.558267891046542,0.09317363927955236,Almoez Ali,F
13963,2,1,0.6708793342113495,0.21937527648022181,1.562028335640644,0.1402047956181695,-0.05542612293139043,0.49417667589183406,Mohammed Muntari,F
13970,1,1,0.9510490484535694,0.355413188276644,3.0958291043465924,0.11472919543317181,0.13054396522762723,0.5802824113256607,Roozbeh Cheshmi,M
13971,1,0,-0.12535294890403748,-0.052156018778659614,-0.5430077396906231,0.09658450371901123,-0.24146164606792161,0.1371496085106024,Ehsan Hajsafi,D
13977,2,0,-0.19254159182310104,-0.0651598140388007,-0.45962410312228136,0.14290490859837374,-0.3452534348916132,0.21493380681401184,Morteza Pouraliganji,D
13978,2,1,0.7848303206264973,0.15022598789430597,1.1779248550047279,0.12725378582046748,-0.09919143231381028,0.3996434081024222,Ramin Rezaeian,D
13980,3,0,-0.19348915293812752,-0.030593891274250468,-0.194803167950468,0.15998895524141604,-0.3441722435474259,0.28298446099892494,Saeid Ezatolahi,M
13981,2,1,0.5217353105545044,0.20968375649659896,1.3918543595050574,0.15032195880591775,-0.08494728276299982,0.5043147957561978,Ali Gholizadeh,F
13982,4,0,-0.24907029420137405,-0.007182648374275628,-0.040469080656545225,0.1795177948008313,-0.35903752618390494,0.3446722294353537,Ahmad Nourollahi,M
13983,2,0,-0.13521043583750725,-0.07994440437263793,-0.6355019896936098,0.12634906307175178,-0.3275885679932714,0.16769975924799557,Mehdi Torabi,F
13984,1,0,-0.06813177466392517,-0.025346162360796176,-0.24165474958512653,0.10498150635595478,-0.23110991481846754,0.1804175900968752,Karim Ansarifard,F
13991,3,0,-0.3518313467502594,-0.046316384045099565,-0.26478498080480134,0.17547120940781835,-0.39023995448442356,0.2976071863942244,Mohammed Al-Burayk,D
13993,2,0,-0.09635734185576439,-0.12640038805618542,-0.9114869826765193,0.13913858530298637,-0.3991120152500387,0.14631123913766786,Sultan Al-Ghannam,D
13994,1,0,-0.04031211882829666,0.019285187534013606,0.17914195497142651,0.10699692507632734,-0.19042878561558796,0.2289991606836152,Saud Abdulhamid,D
13995,1,0,-0.10400940477848053,-0.00462046279478458,-0.04362721367206041,0.10480184599160272,-0.21003208093832593,0.20079115534875674,Abdulelah Al-Amri,D
13998,6,2,1.3547231927514076,0.4139668090646257,1.9863806162551778,0.20776874109412374,0.0067400765201431345,0.8211935416091083,Salem Al-Dawsari,F
14000,2,0,-0.14876797422766685,-0.03769801307823131,-0.2483993957278228,0.15119710841516668,-0.33404434557195795,0.2586483194154954,Nawaf Al-Abed,M
14003,6,0,-0.6067879144102335,-0.20032677952506936,-0.9151795934008595,0.21957218898995384,-0.6306882699453789,0.23003471089524016,Mohamed Kanno,M
14004,2,0,-0.20282243192195892,0.020829981097883622,0.1449750775667196,0.14100344722585906,-0.2555367754648001,0.29719673766056737,Abdulelah Al-Malki,M
14006,1,0,-0.16811838746070862,-0.1052172464235324,-1.0473989622547408,0.10067278102576924,-0.3025358972340401,0.0921014043869753,Ali Al-Hassan,M
14009,1,0,-0.08708789944648743,-0.02974946132779041,-0.2556633195042496,0.11518441986136455,-0.2555109242560649,0.1960120016004841,Abdulrahman Al-Oboud,F
14010,2,0,-0.17904121801257133,-0.03338843377047112,-0.23303537408263683,0.14600959568219837,-0.3195672413075799,0.25279037376663765,Firas Al-Buraikan,F
14011,3,1,0.6237494945526123,0.21641634183421526,1.274542963147612,0.16931471795307868,-0.11544050535381895,0.5482731890222494,Saleh Al-Shehri,F
14018,1,1,0.8822205439209938,0.292947528877551,3.097683889360275,0.09444154895427025,0.1078420929271813,0.4780529648279207,Nader Ghandri,D
14022,2,0,-0.19396458938717842,-0.0871197697839506,-0.7250690272417195,0.11937922425818236,-0.321103049329988,0.14686350976208684,Aissa Laidouni,M
14024,1,0,-0.05248364061117172,0.006534461750440922,0.0703015208408348,0.09039541446919863,-0.1706405506091884,0.18370947411007024,Ferjani Sassi,M
14025,10,0,-1.2072814144194126,-0.18483783510015114,-0.8479753623582134,0.21925329288259066,-0.6145742891500289,0.24489861894972656,Youssef Msakni,F
14027,1,0,-0.3405647277832031,-0.08422147028974548,-0.6688355256101449,0.12624897530090565,-0.33166946187952057,0.16322652130002957,Naim Sliti,F
14028,3,1,0.6246243380010128,0.08239467270660118,0.5584040944331677,0.14549514781211587,-0.2027758170051459,0.36756516241834825,Issam Jebali,F
14030,1,0,-0.46741023659706116,-0.10458055218379951,-1.0046401535714418,0.10398738696322316,-0.3083958306317169,0.09923472626411788,Anis Slimane,M
14040,2,1,0.21645087003707886,0.09466934523431587,0.8064424660985939,0.11807019873864316,-0.1367482442934247,0.32608693476205647,Andre Ayew,F
